,customer_id
0,0018c6aa-ab6c-11e9-a2fc-000d3a38a36f
1,00414e84-adc6-11e9-a2fc-000d3a38a36f
2,007cdfe4-1f54-11ea-87bf-000d3a38a36f
3,00c2168c-a875-11e9-a2fc-000d3a38a36f
4,00f6c98e-abb5-11e9-a2fc-000d3a38a36f
5,00f7553c-5bbb-11ea-b88d-000d3a38a36f
6,017bd900-a97e-11e9-a2fc-000d3a38a36f
7,017d86e2-5599-11eb-9e65-000d3a38a36f
8,01defd1e-a582-11e9-a2fc-000d3a38a36f
9,02c605a4-993f-11ea-b97a-000d3a38a36f
10,02d44576-a596-11e9-a2fc-000d3a38a36f
11,02d797b2-5b53-11ea-9849-000d3a38a36f
12,02ddf53a-d683-11e9-93bc-000d3a38a36f
13,034a8960-c855-11ea-8ddc-000d3a38a36f
14,03ba116e-5bc6-11ea-899b-000d3a38a36f
15,048bbbe4-1cfe-11ea-a490-000d3a38a36f
16,04901038-a411-11e9-a2fc-000d3a38a36f
17,04937794-508e-11ea-99ba-000d3a38a36f
18,04cd5a8e-41d6-11ea-96d9-000d3a38a36f
19,04f94ad2-49e1-11ea-8a4f-000d3a38a36f
20,050b9782-9775-11ea-a9c8-000d3a38a36f
21,0515c070-9e6c-11e9-9897-000d3a38a36f
22,052759d6-73f3-11ea-92d0-000d3a38a36f
23,055f4316-ab32-11ea-b736-000d3a38a36f
24,056e803c-a378-11e9-a2fc-000d3a38a36f
25,05ca4e72-d68f-11e9-93bc-000d3a38a36f
26,062e21a4-9dc8-11e9-9897-000d3a38a36f
27,06548210-bd28-11ea-aa61-000d3a38a36f
28,06671b06-ac34-11e9-a2fc-000d3a38a36f
29,06cd8bae-9ebd-11e9-9897-000d3a38a36f
30,06e6bc28-5330-11ea-acd3-000d3a38a36f
31,07200298-418d-11eb-806e-000d3a38a36f
32,0754e39e-5eb4-11ea-be5b-000d3a38a36f
33,0768a930-ad46-11e9-a2fc-000d3a38a36f
34,07b05898-db08-11ea-a65b-000d3a38a36f
35,081002e8-f26a-11e9-9346-000d3a38a36f
36,087daaba-7189-11eb-a3e2-000d3a38a36f
37,08934cc6-a6e2-11e9-a2fc-000d3a38a36f
38,08cd7574-b03b-11e9-9757-000d3a38a36f
39,08ce95e8-aac9-11e9-a2fc-000d3a38a36f
40,08f9f69c-a1fb-11e9-a2fc-000d3a38a36f
41,08fb032a-1208-11ea-916f-000d3a38a36f
42,090d6e42-9da6-11e9-9897-000d3a38a36f
43,0961104a-aa55-11e9-a2fc-000d3a38a36f
44,099ba066-5e6d-11eb-8dbd-000d3a38a36f
45,09cb00a8-ad44-11e9-a2fc-000d3a38a36f
46,09f7a470-5bed-11ea-bdcb-000d3a38a36f
47,0a230598-5b3e-11ea-8602-000d3a38a36f
48,0a4e6440-a9dc-11e9-a2fc-000d3a38a36f
49,0a7329f8-a110-11e9-a2fc-000d3a38a36f
50,0a9011fe-2f71-11ea-bb80-000d3a38a36f
51,0ac4bd5c-0d54-11eb-8ffc-000d3a38a36f
52,0b195256-aab1-11e9-a2fc-000d3a38a36f
53,0b27d99c-9df0-11ea-80cd-000d3a38a36f
54,0b640f60-1c87-11ea-a490-000d3a38a36f
55,0b67c74c-2b76-11ea-9d27-000d3a38a36f
56,0b89590e-9db7-11e9-9897-000d3a38a36f
57,0bd7f67e-ede6-11ea-bb5a-000d3a38a36f
58,0c24fc44-2ac8-11ea-9d27-000d3a38a36f
59,0c2d8c68-f361-11e9-9346-000d3a38a36f
60,0c3b4492-9e08-11e9-9897-000d3a38a36f
61,0c5bf524-a7c3-11e9-a2fc-000d3a38a36f
62,0ca16b6c-5b06-11ea-8392-000d3a38a36f
63,0caf637a-0c9a-11eb-8ffc-000d3a38a36f
64,0cea49f8-5f02-11eb-8dbd-000d3a38a36f
65,0d5265a8-24cd-11ea-bf27-000d3a38a36f
66,0d5973ba-d702-11ea-82f4-000d3a38a36f
67,0d9a4224-ab65-11e9-a2fc-000d3a38a36f
68,0da9ae80-a8f4-11e9-a2fc-000d3a38a36f
69,0dd11f56-8d73-11ea-8f41-000d3a38a36f
70,0e44b5fc-aa24-11e9-a2fc-000d3a38a36f
71,0e6693d6-a99b-11e9-a2fc-000d3a38a36f
72,0ebe5f68-b089-11e9-9757-000d3a38a36f
73,0ece152a-af9e-11e9-a2fc-000d3a38a36f
74,0f115e3c-a144-11ea-afff-000d3a38a36f
75,0f37c9fc-26c6-11eb-8a9b-000d3a38a36f
76,0f5c2fc4-1d3d-11ea-a490-000d3a38a36f
77,0f63f6c0-a1bc-11e9-a2fc-000d3a38a36f
78,0fd279be-a5be-11e9-a2fc-000d3a38a36f
79,105c5046-61d2-11ea-8dd8-000d3a38a36f
80,109e9e58-fd58-11e9-a5e8-000d3a38a36f
81,10f7164e-a8c3-11e9-a2fc-000d3a38a36f
82,111db0b6-afc0-11e9-9757-000d3a38a36f
83,11419eb0-2c5f-11ea-b752-000d3a38a36f
84,1152fa5c-a915-11e9-a2fc-000d3a38a36f
85,115f855a-5bdb-11ea-8e16-000d3a38a36f
86,1174bb82-3fce-11eb-806e-000d3a38a36f
87,118de2aa-a0bb-11e9-a2fc-000d3a38a36f
88,11e2bdae-533d-11ea-acd3-000d3a38a36f
89,11fb8f1e-9e25-11e9-9897-000d3a38a36f
90,1206f3f2-ace6-11e9-a2fc-000d3a38a36f
91,126a9328-aeff-11ea-b736-000d3a38a36f
92,12806c5e-1a97-11ea-98d5-000d3a38a36f
93,1295f1ca-2124-11eb-b361-000d3a38a36f
94,12a2852e-9daa-11e9-9897-000d3a38a36f
95,12dd5428-a5b7-11e9-a2fc-000d3a38a36f
96,13464424-5cbd-11eb-8dbd-000d3a38a36f
97,13485f12-abc3-11ea-b736-000d3a38a36f
98,13a0117a-5bc9-11ea-9114-000d3a38a36f
99,13a5e98c-a824-11e9-a2fc-000d3a38a36f
100,13cc7d14-a76a-11e9-a2fc-000d3a38a36f
101,13ec02d2-a513-11e9-a2fc-000d3a38a36f
102,13ed97a4-b167-11e9-89fa-000d3a38a36f
103,13fe9852-a798-11e9-a2fc-000d3a38a36f
104,14028456-ad1c-11e9-a2fc-000d3a38a36f
105,144624b4-a302-11e9-a2fc-000d3a38a36f
106,14485136-9d8e-11e9-9897-000d3a38a36f
107,1456f408-1e7f-11ea-aa32-000d3a38a36f
108,1461b37c-5be0-11ea-a4d0-000d3a38a36f
109,146558ea-9e7d-11e9-9897-000d3a38a36f
110,146b62d8-a5a5-11e9-a2fc-000d3a38a36f
111,147f9228-9e19-11e9-9897-000d3a38a36f
112,14f1c564-a486-11e9-a2fc-000d3a38a36f
113,150bd982-da49-11ea-a65b-000d3a38a36f
114,1517dc4e-9f73-11e9-a2fc-000d3a38a36f
115,154461ac-5bab-11ea-84be-000d3a38a36f
116,154efc40-d620-11e9-93bc-000d3a38a36f
117,1583f892-a78a-11e9-a2fc-000d3a38a36f
118,158a0ba0-ad8f-11e9-a2fc-000d3a38a36f
119,15aafbda-9dcc-11e9-9897-000d3a38a36f
120,15ad2b5a-49ae-11eb-806e-000d3a38a36f
121,15b476ec-9d86-11e9-9897-000d3a38a36f
122,1637d1d6-de1d-11e9-957d-000d3a38a36f
123,164d388e-a720-11e9-a2fc-000d3a38a36f
124,167e930a-da17-11e9-93bc-000d3a38a36f
125,1684eda8-d63a-11e9-93bc-000d3a38a36f
126,169a12f4-ad37-11e9-a2fc-000d3a38a36f
127,16b17a7c-b0c3-11e9-9757-000d3a38a36f
128,16ef5a7e-b120-11e9-9757-000d3a38a36f
129,17261cc6-ac66-11e9-a2fc-000d3a38a36f
130,175699e0-2ac0-11ea-b3a7-000d3a38a36f
131,176fe254-bbf9-11ea-9a91-000d3a38a36f
132,178a35cc-b160-11e9-89fa-000d3a38a36f
133,17dd89f0-713d-11ea-adca-000d3a38a36f
134,1805b5ca-5b52-11ea-8770-000d3a38a36f
135,181fc774-abb4-11e9-a2fc-000d3a38a36f
136,18265ec8-c67e-11ea-9bc9-000d3a38a36f
137,1854e56c-491f-11eb-806e-000d3a38a36f
138,189eea8a-ac8c-11e9-a2fc-000d3a38a36f
139,18acf516-cc12-11ea-b305-000d3a38a36f
140,18d2b56e-af83-11e9-a2fc-000d3a38a36f
141,1900d782-5bef-11ea-99d6-000d3a38a36f
142,196edf12-ac71-11e9-a2fc-000d3a38a36f
143,1981e95a-2957-11ea-b87a-000d3a38a36f
144,1982ac0e-9f4c-11e9-9897-000d3a38a36f
145,19e194d2-4ac6-11ea-8533-000d3a38a36f
146,19e8adf0-b00f-11e9-9757-000d3a38a36f
147,19ffb4f6-b0b2-11ea-b736-000d3a38a36f
148,1a26bbcc-adb2-11e9-a2fc-000d3a38a36f
149,1a5c8f40-cd82-11ea-b1a6-000d3a38a36f
150,1a70bade-b13a-11e9-9757-000d3a38a36f
151,1ac46a6c-a5be-11e9-a2fc-000d3a38a36f
152,1ac6cf4c-ab35-11e9-a2fc-000d3a38a36f
153,1acf7870-87af-11ea-ace9-000d3a38a36f
154,1ad652c6-9e85-11e9-9897-000d3a38a36f
155,1afc16ea-aac0-11e9-a2fc-000d3a38a36f
156,1b234d48-ab13-11e9-a2fc-000d3a38a36f
157,1ba38c82-9f1b-11e9-9897-000d3a38a36f
158,1ba79718-559b-11eb-9e65-000d3a38a36f
159,1c363d36-aab3-11e9-a2fc-000d3a38a36f
160,1c511e60-5e73-11eb-8dbd-000d3a38a36f
161,1c7c1e70-5a55-11eb-9e65-000d3a38a36f
162,1c7c6a1e-ddc5-11e9-a848-000d3a38a36f
163,1c8f71e0-56a1-11ea-b9b9-000d3a38a36f
164,1c9f6aa8-ada2-11e9-a2fc-000d3a38a36f
165,1cb79d74-a9f8-11e9-a2fc-000d3a38a36f
166,1ccc974e-b130-11e9-9757-000d3a38a36f
167,1cd20794-af30-11e9-a2fc-000d3a38a36f
168,1cee861e-a7f4-11e9-a2fc-000d3a38a36f
169,1d17505c-15eb-11ea-aa74-000d3a38a36f
170,1d1785d2-a22c-11e9-a2fc-000d3a38a36f
171,1d6248e0-44da-11eb-806e-000d3a38a36f
172,1dd7141c-9923-11ea-b97a-000d3a38a36f
173,1e27e18a-ad38-11e9-a2fc-000d3a38a36f
174,1e2b18e8-9dc3-11e9-9897-000d3a38a36f
175,1e2dd6cc-0b1e-11eb-8ffc-000d3a38a36f
176,1ead1d0e-5bd0-11ea-8257-000d3a38a36f
177,1edd1a8a-1a09-11ea-941b-000d3a38a36f
178,1eebd1c4-abc8-11e9-a2fc-000d3a38a36f
179,1ef9af74-2594-11ea-b1c8-000d3a38a36f
180,1f691cd0-acfc-11e9-a2fc-000d3a38a36f
181,1f6ae350-a46c-11e9-a2fc-000d3a38a36f
182,1f72211a-a589-11e9-a2fc-000d3a38a36f
183,1f88ace0-a779-11e9-a2fc-000d3a38a36f
184,1fc6399c-faef-11e9-b138-000d3a38a36f
185,201b9d86-5ff0-11ea-8dd8-000d3a38a36f
186,202a42cc-a174-11e9-a2fc-000d3a38a36f
187,203e7c40-58c2-11eb-9e65-000d3a38a36f
188,20404e4c-9f61-11e9-a2fc-000d3a38a36f
189,2049c722-a567-11e9-a2fc-000d3a38a36f
190,205a9746-52e1-11ea-9ade-000d3a38a36f
191,20a59f0a-ead2-11ea-9047-000d3a38a36f
192,20b0ed36-a223-11e9-a2fc-000d3a38a36f
193,20c64e8e-a69b-11e9-a2fc-000d3a38a36f
194,20ef5922-acf5-11e9-a2fc-000d3a38a36f
195,2113e9c6-53b8-11ea-abe0-000d3a38a36f
196,214bb132-f12d-11e9-9346-000d3a38a36f
197,216f3308-5bdd-11ea-b0e0-000d3a38a36f
198,217ec300-adb3-11e9-a2fc-000d3a38a36f
199,21a46b10-26f2-11ea-aaaa-000d3a38a36f
200,21c4722a-a0f1-11e9-a2fc-000d3a38a36f
201,2208e6c0-2a45-11ea-99b3-000d3a38a36f
202,223e32a2-22ca-11eb-99f8-000d3a38a36f
203,224779e0-230f-11ea-8523-000d3a38a36f
204,2260e2c0-ac47-11e9-a2fc-000d3a38a36f
205,2278a084-ca48-11ea-a31e-000d3a38a36f
206,227aaaee-b092-11e9-9757-000d3a38a36f
207,2290e8ee-af9e-11e9-a2fc-000d3a38a36f
208,22c5adc2-e779-11ea-8f44-000d3a38a36f
209,22e75f5e-ab92-11e9-a2fc-000d3a38a36f
210,22ed0094-ad8f-11ea-b736-000d3a38a36f
211,230d54bc-49ac-11ea-8a4f-000d3a38a36f
212,234e17c8-541d-11eb-9e65-000d3a38a36f
213,2364e38e-d865-11e9-93bc-000d3a38a36f
214,23b9e4da-2e08-11ea-9ad5-000d3a38a36f
215,23be2a1e-c56a-11ea-9dde-000d3a38a36f
216,23be3c34-d60a-11e9-93bc-000d3a38a36f
217,23fea878-ab80-11e9-a2fc-000d3a38a36f
218,24679300-2ab5-11eb-b280-000d3a38a36f
219,2474d654-2d4b-11ea-827e-000d3a38a36f
220,24858684-31c8-11eb-860c-000d3a38a36f
221,24e7d676-a804-11e9-a2fc-000d3a38a36f
222,25203836-d67b-11e9-93bc-000d3a38a36f
223,255228f2-a5dc-11e9-a2fc-000d3a38a36f
224,25539dbe-2c04-11ea-91ab-000d3a38a36f
225,2579dc22-a84c-11e9-a2fc-000d3a38a36f
226,2627ea76-38c3-11ea-85d6-000d3a38a36f
227,263a185e-b010-11e9-9757-000d3a38a36f
228,263ac93e-d65d-11e9-93bc-000d3a38a36f
229,2651e54a-b20b-11e9-89fa-000d3a38a36f
230,266d0dc2-9fad-11e9-a2fc-000d3a38a36f
231,26a03a58-afc0-11e9-9757-000d3a38a36f
232,26f0f738-5bf3-11ea-aa73-000d3a38a36f
233,27544188-ae85-11e9-a2fc-000d3a38a36f
234,275b64b2-a517-11e9-a2fc-000d3a38a36f
235,2787b6ea-b0be-11e9-9757-000d3a38a36f
236,27ea3442-5b30-11ea-9450-000d3a38a36f
237,27ef5824-66e1-11eb-975c-000d3a38a36f
238,27f11544-1ca3-11ea-a490-000d3a38a36f
239,280962e2-abe8-11e9-a2fc-000d3a38a36f
240,28238836-9f70-11e9-a2fc-000d3a38a36f
241,28536fc2-ff21-11e9-a5e8-000d3a38a36f
242,287be544-a763-11e9-a2fc-000d3a38a36f
243,28a4e4ac-9e54-11e9-9897-000d3a38a36f
244,28e70c9a-afdf-11ea-b736-000d3a38a36f
245,28ed2304-d679-11e9-93bc-000d3a38a36f
246,28f00236-7a7f-11ea-8f20-000d3a38a36f
247,2910d944-d63c-11e9-93bc-000d3a38a36f
248,292c3fd0-24ee-11ea-bf27-000d3a38a36f
249,29378cfe-5b45-11ea-a185-000d3a38a36f
250,2939f2ca-ddb7-11e9-9cd3-000d3a38a36f
251,29478c86-1940-11ea-b6a2-000d3a38a36f
252,296ac2c4-d64b-11e9-93bc-000d3a38a36f
253,2988594a-afba-11e9-9757-000d3a38a36f
254,2996b9e4-444e-11ea-8b43-000d3a38a36f
255,2998a8c4-afef-11e9-9757-000d3a38a36f
256,2998ead2-ae9b-11e9-a2fc-000d3a38a36f
257,29c4a78e-97cb-11ea-9d91-000d3a38a36f
258,29ea8c4e-da37-11e9-93bc-000d3a38a36f
259,29ef573e-1f96-11ea-87bf-000d3a38a36f
260,2a033c6a-bdf0-11ea-aa61-000d3a38a36f
261,2a05f002-2017-11eb-b272-000d3a38a36f
262,2a1933c6-a9ec-11e9-a2fc-000d3a38a36f
263,2a1f1214-492e-11ea-bf43-000d3a38a36f
264,2a4ba544-2698-11ea-b9a0-000d3a38a36f
265,2a6807fa-abca-11e9-a2fc-000d3a38a36f
266,2ac42ea4-9760-11ea-a9c8-000d3a38a36f
267,2b122c76-a41d-11e9-a2fc-000d3a38a36f
268,2b60a666-a6ad-11e9-a2fc-000d3a38a36f
269,2b9598a4-c9e2-11ea-a31e-000d3a38a36f
270,2b9fe6b6-a7eb-11e9-a2fc-000d3a38a36f
271,2bc7574a-a931-11e9-a2fc-000d3a38a36f
272,2bf2cae2-a823-11e9-a2fc-000d3a38a36f
273,2c53cf72-a4bd-11e9-a2fc-000d3a38a36f
274,2c636ed4-a0f6-11e9-a2fc-000d3a38a36f
275,2c666002-a255-11e9-a2fc-000d3a38a36f
276,2caa8e06-2131-11eb-b361-000d3a38a36f
277,2cf42632-62ec-11ea-a6dc-000d3a38a36f
278,2d01412c-d6e8-11e9-93bc-000d3a38a36f
279,2d195762-9d85-11ea-9bf4-000d3a38a36f
280,2d4a5520-ae9c-11e9-a2fc-000d3a38a36f
281,2dcdd11a-16e4-11ea-b4ec-000d3a38a36f
282,2decba1c-b131-11e9-9757-000d3a38a36f
283,2e14b63a-a889-11e9-a2fc-000d3a38a36f
284,2e22d7a8-a3d7-11e9-a2fc-000d3a38a36f
285,2e27c8b6-acbb-11e9-a2fc-000d3a38a36f
286,2e292f90-1d0d-11ea-a490-000d3a38a36f
287,2e2c6264-a887-11e9-a2fc-000d3a38a36f
288,2e3166b0-61eb-11ea-8dd8-000d3a38a36f
289,2e6c4bda-b152-11e9-9757-000d3a38a36f
290,2e6eda80-abf3-11e9-a2fc-000d3a38a36f
291,2ebf0a62-9f3e-11e9-9897-000d3a38a36f
292,2f07b836-cc18-11ea-b305-000d3a38a36f
293,2f23ca88-51ef-11ea-a243-000d3a38a36f
294,2f7e8932-bd38-11ea-aa61-000d3a38a36f
295,2f872aee-d6be-11e9-93bc-000d3a38a36f
296,2f9641bc-1b4e-11ea-9812-000d3a38a36f
297,2f9e0d58-a438-11e9-a2fc-000d3a38a36f
298,2fc219f6-46b2-11ea-b6c0-000d3a38a36f
299,2fd58316-43d1-11eb-806e-000d3a38a36f
300,2fee0408-60b5-11eb-9b71-000d3a38a36f
301,2ff88bba-aa6a-11e9-a2fc-000d3a38a36f
302,300afe28-bedf-11ea-958c-000d3a38a36f
303,307bdab0-b055-11e9-9757-000d3a38a36f
304,30871346-a7fc-11e9-a2fc-000d3a38a36f
305,30c39f7a-9e54-11e9-9897-000d3a38a36f
306,310e0d02-9f68-11e9-a2fc-000d3a38a36f
307,318e6c94-bc5a-11ea-aa61-000d3a38a36f
308,326e0b4e-ac78-11e9-a2fc-000d3a38a36f
309,327724f4-ae21-11e9-a2fc-000d3a38a36f
310,328d030a-acff-11e9-a2fc-000d3a38a36f
311,32e3d168-af32-11ea-b736-000d3a38a36f
312,32f123ca-4990-11ea-8a4f-000d3a38a36f
313,32fa78da-a580-11e9-a2fc-000d3a38a36f
314,330a2286-31f6-11eb-860c-000d3a38a36f
315,332aca5c-ab94-11e9-a2fc-000d3a38a36f
316,33a54b76-9e04-11e9-9897-000d3a38a36f
317,340fee28-ab46-11e9-a2fc-000d3a38a36f
318,345bdfba-a8e2-11e9-a2fc-000d3a38a36f
319,3492a686-5bb4-11eb-8dbd-000d3a38a36f
320,34dabff8-5bcd-11ea-965a-000d3a38a36f
321,34e216ea-b12d-11e9-9757-000d3a38a36f
322,34ebde18-a779-11e9-a2fc-000d3a38a36f
323,350facba-ac26-11e9-a2fc-000d3a38a36f
324,35286cf4-9e5d-11e9-9897-000d3a38a36f
325,352b2622-a9fe-11e9-a2fc-000d3a38a36f
326,359e4a8e-afb7-11ea-b736-000d3a38a36f
327,35c07a08-907e-11ea-af25-000d3a38a36f
328,35c6f618-af9b-11e9-a2fc-000d3a38a36f
329,363daf9a-aa70-11e9-a2fc-000d3a38a36f
330,364a32de-166c-11ea-aa74-000d3a38a36f
331,366eee14-a59f-11e9-a2fc-000d3a38a36f
332,367bfb14-b106-11e9-9757-000d3a38a36f
333,36c10134-9ea3-11e9-9897-000d3a38a36f
334,36f54dde-25ff-11ea-8e1c-000d3a38a36f
335,3736025c-171d-11ea-b4ec-000d3a38a36f
336,37651e4c-6197-11ea-8dd8-000d3a38a36f
337,3782c7be-9ed6-11e9-9897-000d3a38a36f
338,379d0e1e-a6ae-11e9-a2fc-000d3a38a36f
339,37c86d08-a739-11e9-a2fc-000d3a38a36f
340,381563be-9e5c-11e9-9897-000d3a38a36f
341,385edc24-b009-11e9-9757-000d3a38a36f
342,3880fe94-9f4c-11e9-9897-000d3a38a36f
343,38838c72-aa4b-11e9-a2fc-000d3a38a36f
344,38985080-9d6c-11e9-9897-000d3a38a36f
345,38b5f27c-5444-11ea-b1db-000d3a38a36f
346,38ca1544-a8b5-11e9-a2fc-000d3a38a36f
347,38d63902-e0ac-11ea-b5cd-000d3a38a36f
348,38eb3626-eacb-11ea-9047-000d3a38a36f
349,39362650-3f1c-11ea-b794-000d3a38a36f
350,393d3d26-aabd-11e9-a2fc-000d3a38a36f
351,394cdd9e-28a7-11eb-8a9b-000d3a38a36f
352,397a63e0-a6a8-11e9-a2fc-000d3a38a36f
353,39941816-53bf-11ea-abe0-000d3a38a36f
354,39edf3ac-b10a-11e9-9757-000d3a38a36f
355,39fdbc40-b14d-11e9-9757-000d3a38a36f
356,3a285f00-f4f4-11e9-9346-000d3a38a36f
357,3a85dc22-12bb-11ea-a001-000d3a38a36f
358,3aa52386-afb8-11e9-9757-000d3a38a36f
359,3aeeefae-a444-11e9-a2fc-000d3a38a36f
360,3b048dea-116e-11ea-9f3a-000d3a38a36f
361,3b08f95c-2d5c-11ea-827e-000d3a38a36f
362,3b1270f4-aa5d-11e9-a2fc-000d3a38a36f
363,3b3aad7a-5b2f-11ea-bf2c-000d3a38a36f
364,3b697668-d714-11e9-93bc-000d3a38a36f
365,3b7228ce-7300-11eb-a9a7-000d3a38a36f
366,3bfdb582-4e59-11ea-99ba-000d3a38a36f
367,3c0d1ac4-8d4f-11ea-8f41-000d3a38a36f
368,3c1db156-994b-11ea-b97a-000d3a38a36f
369,3c2bf5b0-5bb4-11ea-81c0-000d3a38a36f
370,3c3381d6-f80d-11ea-a533-000d3a38a36f
371,3c3decf4-2d08-11eb-8b78-000d3a38a36f
372,3c68119e-5439-11ea-b1db-000d3a38a36f
373,3c9ee278-aa11-11e9-a2fc-000d3a38a36f
374,3ca62200-a3ad-11e9-a2fc-000d3a38a36f
375,3cae55ec-9dcc-11e9-9897-000d3a38a36f
376,3cd89598-1e8e-11eb-9dc3-000d3a38a36f
377,3d0033c2-adcf-11e9-a2fc-000d3a38a36f
378,3d307a80-ab0b-11e9-a2fc-000d3a38a36f
379,3d690368-ae40-11e9-a2fc-000d3a38a36f
380,3da84cd6-b178-11e9-89fa-000d3a38a36f
381,3dbe7886-185b-11ea-9213-000d3a38a36f
382,3e01ef60-9fc2-11e9-a2fc-000d3a38a36f
383,3e06e4c6-55aa-11eb-9e65-000d3a38a36f
384,3e423638-be25-11ea-aa61-000d3a38a36f
385,3e6466fc-b112-11e9-9757-000d3a38a36f
386,3e725b46-94a5-11ea-85df-000d3a38a36f
387,3e8dba14-a705-11e9-a2fc-000d3a38a36f
388,3ebc7fc6-2d9f-11eb-8062-000d3a299ebf
389,3ed92220-aecf-11e9-a2fc-000d3a38a36f
390,3f03a4ea-28ff-11eb-b7dd-000d3a38a36f
391,3f0dfccc-24f1-11eb-86c1-000d3a38a36f
392,3f118c82-a146-11e9-a2fc-000d3a38a36f
393,3f331854-a4b4-11e9-a2fc-000d3a38a36f
394,3f3add64-ad74-11e9-a2fc-000d3a38a36f
395,3f6d1e4e-ee0d-11e9-9346-000d3a38a36f
396,3f7aa818-b0e4-11e9-9757-000d3a38a36f
397,3f927872-a7d3-11e9-a2fc-000d3a38a36f
398,3fda4522-b178-11e9-89fa-000d3a38a36f
399,3ff9a700-a24b-11e9-a2fc-000d3a38a36f
400,4003b674-56a9-11ea-b9b9-000d3a38a36f
401,40150444-d71d-11e9-93bc-000d3a38a36f
402,4044b462-9cff-11e9-9897-000d3a38a36f
403,4087a75a-a523-11e9-a2fc-000d3a38a36f
404,409265f4-b12c-11e9-9757-000d3a38a36f
405,40ce17b6-d6de-11e9-93bc-000d3a38a36f
406,40eec926-39b1-11ea-85d6-000d3a38a36f
407,41081e4c-5bd7-11ea-90ca-000d3a38a36f
408,4146e988-3e36-11ea-b1ad-000d3a38a36f
409,4159cc38-5b05-11ea-82d2-000d3a38a36f
410,416a442c-ae09-11e9-a2fc-000d3a38a36f
411,41abf3ce-5b54-11ea-85a8-000d3a38a36f
412,41c16660-8b91-11ea-8ec0-000d3a38a36f
413,424df598-1b58-11ea-9812-000d3a38a36f
414,4271fdf8-a59a-11eb-b07f-000d3a299ebf
415,42813208-564c-11ea-b9b9-000d3a38a36f
416,42a6c718-5bf4-11ea-8384-000d3a38a36f
417,42bbabfe-a5cf-11ea-bd63-000d3a38a36f
418,42cf9314-9d31-11e9-9897-000d3a38a36f
419,42fb6be6-a976-11e9-a2fc-000d3a38a36f
420,42fd7290-7f00-11eb-b666-000d3a38a36f
421,4321c57c-b1c1-11e9-89fa-000d3a38a36f
422,43271496-a2b7-11e9-a2fc-000d3a38a36f
423,435cf73e-a7ba-11e9-a2fc-000d3a38a36f
424,43ed0660-a26c-11e9-a2fc-000d3a38a36f
425,43edaeb2-1daf-11ea-8bf2-000d3a38a36f
426,43f81f40-a5dd-11e9-a2fc-000d3a38a36f
427,44147d1c-22fa-11ea-8523-000d3a38a36f
428,443aa46c-a571-11e9-a2fc-000d3a38a36f
429,446dece4-88d0-11ea-9c02-000d3a38a36f
430,44a7e2f0-9b1d-11ea-a27a-000d3a38a36f
431,44bce73c-a540-11e9-a2fc-000d3a38a36f
432,44c9d4d6-974f-11ea-a9c8-000d3a38a36f
433,44e17ce4-5bc1-11eb-8dbd-000d3a38a36f
434,44ffd5ac-ee05-11e9-9346-000d3a38a36f
435,4510fad2-b05a-11e9-9757-000d3a38a36f
436,455770fa-a80f-11e9-a2fc-000d3a38a36f
437,45ae5698-5684-11eb-9e65-000d3a38a36f
438,45b47a70-b1ab-11e9-89fa-000d3a38a36f
439,45cb15d0-15e4-11ea-aa74-000d3a38a36f
440,464c257e-13b6-11ea-a001-000d3a38a36f
441,4660bd3c-ee0d-11e9-9346-000d3a38a36f
442,468e0206-a51f-11e9-a2fc-000d3a38a36f
443,472fe346-5b36-11ea-a35f-000d3a38a36f
444,4730571c-5b0a-11ea-a192-000d3a38a36f
445,4736acf4-a956-11e9-a2fc-000d3a38a36f
446,473a1d4a-ffcc-11e9-a5e8-000d3a38a36f
447,47b14ce6-9755-11ea-a9c8-000d3a38a36f
448,47b18f9e-ac46-11e9-a2fc-000d3a38a36f
449,47d7f524-9eab-11e9-9897-000d3a38a36f
450,48598e72-9f86-11ea-80cd-000d3a38a36f
451,485c5012-ddda-11e9-a848-000d3a38a36f
452,4865bbe6-63c3-11eb-add3-000d3a38a36f
453,4865ec8c-4377-11ea-8b43-000d3a38a36f
454,4882f4be-8763-11ea-ace9-000d3a38a36f
455,4896788c-a6d5-11e9-a2fc-000d3a38a36f
456,4899ae68-52f0-11ea-9ade-000d3a38a36f
457,48aef838-b118-11e9-9757-000d3a38a36f
458,48b3e19e-9750-11ea-a9c8-000d3a38a36f
459,48bcc796-f66a-11e9-841e-000d3a38a36f
460,49798902-a57b-11e9-a2fc-000d3a38a36f
461,497f782c-a151-11e9-a2fc-000d3a38a36f
462,49877a0a-af2e-11e9-a2fc-000d3a38a36f
463,49bd7b14-b06e-11e9-9757-000d3a38a36f
464,49de2b4a-2f73-11eb-9c24-000d3a38a36f
465,49e983d8-a17a-11e9-a2fc-000d3a38a36f
466,4a796c0c-54d2-11eb-9e65-000d3a38a36f
467,4aaa8c08-a4dc-11e9-a2fc-000d3a38a36f
468,4ab65e58-aacb-11e9-a2fc-000d3a38a36f
469,4add0618-2e99-11eb-a8d1-000d3a299ebf
470,4ae93d56-2c61-11ea-b752-000d3a38a36f
471,4aeae12c-fe2d-11e9-a5e8-000d3a38a36f
472,4b041628-a956-11e9-a2fc-000d3a38a36f
473,4b0f84e8-55a5-11eb-9e65-000d3a38a36f
474,4b5efa90-a5b2-11e9-a2fc-000d3a38a36f
475,4b6dba7c-b14b-11e9-9757-000d3a38a36f
476,4b70e2ea-3dac-11ea-9e19-000d3a38a36f
477,4b7eaf2a-b0e3-11e9-9757-000d3a38a36f
478,4bbac326-3094-11ea-a6ce-000d3a38a36f
479,4be27d1c-d61c-11e9-93bc-000d3a38a36f
480,4c270cc4-9dab-11e9-9897-000d3a38a36f
481,4c2b94ac-5411-11ea-b1db-000d3a38a36f
482,4c3b7e74-9f28-11e9-9897-000d3a38a36f
483,4c4cce84-f119-11e9-9346-000d3a38a36f
484,4c6f5e56-5436-11ea-b1db-000d3a38a36f
485,4ca9c082-a9a0-11e9-a2fc-000d3a38a36f
486,4ccb9578-a5a8-11e9-a2fc-000d3a38a36f
487,4cd61b60-a5da-11e9-a2fc-000d3a38a36f
488,4cdd8388-9fb2-11e9-a2fc-000d3a38a36f
489,4d1248ac-2301-11ea-8523-000d3a38a36f
490,4d819e16-5b49-11ea-9737-000d3a38a36f
491,4de069bc-a7f5-11e9-a2fc-000d3a38a36f
492,4de278b6-7b16-11ea-8f20-000d3a38a36f
493,4de64de4-c9ca-11ea-a31e-000d3a38a36f
494,4ead3892-9e2d-11e9-9897-000d3a38a36f
495,4eb068cc-1a11-11ea-941b-000d3a38a36f
496,4eb38320-a691-11e9-a2fc-000d3a38a36f
497,4ed03a44-a513-11e9-a2fc-000d3a38a36f
498,4ed6fd92-b0fe-11e9-9757-000d3a38a36f
499,4ed84e34-ad45-11e9-a2fc-000d3a38a36f
500,4f3c5c7e-6a38-11eb-b5d7-000d3a38a36f
501,4f4973f4-a4f6-11e9-a2fc-000d3a38a36f
502,4f62505a-7235-11eb-aa44-000d3a38a36f
503,4f859bd2-9db1-11e9-9897-000d3a38a36f
504,4fa69378-9d57-11e9-9897-000d3a38a36f
505,4fbb0cbe-9085-11ea-af25-000d3a38a36f
506,4fe90518-b220-11e9-b5cf-000d3a38a36f
507,4ff1c4b0-ff2c-11e9-a5e8-000d3a38a36f
508,50001284-2189-11ea-9618-000d3a38a36f
509,5054a94e-1db9-11ea-8bf2-000d3a38a36f
510,506069d8-9f50-11e9-9897-000d3a38a36f
511,506d7a64-5bad-11ea-92cf-000d3a38a36f
512,5088faba-d6eb-11e9-93bc-000d3a38a36f
513,50a81a06-0185-11eb-9c30-000d3a38a36f
514,50be644a-b146-11e9-9757-000d3a38a36f
515,51546b1c-a79a-11e9-a2fc-000d3a38a36f
516,51914cf4-aacd-11e9-a2fc-000d3a38a36f
517,51f5abfe-b0a4-11e9-9757-000d3a38a36f
518,51fb994e-d6fe-11e9-93bc-000d3a38a36f
519,5249b58c-2bfb-11ea-91ab-000d3a38a36f
520,5250a2d8-a925-11e9-a2fc-000d3a38a36f
521,5258542e-a9cf-11e9-a2fc-000d3a38a36f
522,52da40aa-41e2-11ea-96d9-000d3a38a36f
523,5312c8be-b03b-11e9-9757-000d3a38a36f
524,53206d4c-190f-11ea-9213-000d3a38a36f
525,534a048e-ae4a-11e9-a2fc-000d3a38a36f
526,53618b8c-9de6-11e9-9897-000d3a38a36f
527,536d7fb2-aac7-11e9-a2fc-000d3a38a36f
528,53b0691e-e431-11e9-ad00-000d3a38a36f
529,542af5f0-4c5c-11eb-806e-000d3a38a36f
530,5451b712-a82f-11e9-a2fc-000d3a38a36f
531,545d08e8-ac1b-11e9-a2fc-000d3a38a36f
532,54603ade-d634-11e9-93bc-000d3a38a36f
533,546cdcd8-8bee-11ea-8ec0-000d3a38a36f
534,547f1fb8-1e90-11ea-aa32-000d3a38a36f
535,54ab4dd6-2d99-11eb-8062-000d3a299ebf
536,5548a57a-b25d-11ea-b736-000d3a38a36f
537,5549de46-61bc-11ea-8dd8-000d3a38a36f
538,55747b2c-9ef0-11e9-9897-000d3a38a36f
539,55956072-ae44-11e9-a2fc-000d3a38a36f
540,55b5fe84-c821-11ea-a167-000d3a38a36f
541,561e3f5e-abb6-11e9-a2fc-000d3a38a36f
542,56200cdc-a9ed-11e9-a2fc-000d3a38a36f
543,56478b08-9e63-11e9-9897-000d3a38a36f
544,56b9f458-b061-11e9-9757-000d3a38a36f
545,56c7d6b6-2084-11ea-87bf-000d3a38a36f
546,56d3a540-d60b-11e9-93bc-000d3a38a36f
547,56ddd00a-aff6-11e9-9757-000d3a38a36f
548,56f76474-c4f0-11ea-98f7-000d3a38a36f
549,57177730-5e8a-11eb-8dbd-000d3a38a36f
550,5726f4c0-b3dc-11ea-a71c-000d3a38a36f
551,572d4f4e-63b6-11ea-a6dc-000d3a38a36f
552,57ecf1ca-5b53-11ea-a15c-000d3a38a36f
553,57f36b44-5bc7-11ea-9e12-000d3a38a36f
554,580e741c-28ef-11ea-b87a-000d3a38a36f
555,5818dddc-a918-11e9-a2fc-000d3a38a36f
556,58973fe0-a94c-11e9-a2fc-000d3a38a36f
557,58bdce3c-a7d7-11ea-bd63-000d3a38a36f
558,58dc6422-6156-11ea-8dd8-000d3a38a36f
559,59213844-d7aa-11e9-93bc-000d3a38a36f
560,59566560-6579-11eb-add3-000d3a38a36f
561,595a4efe-a910-11e9-a2fc-000d3a38a36f
562,59767978-5bab-11ea-89e8-000d3a38a36f
563,59b17120-2d68-11ea-827e-000d3a38a36f
564,5a0b9e4e-984c-11ea-9d91-000d3a38a36f
565,5a26f192-a85d-11e9-a2fc-000d3a38a36f
566,5a8ba4da-adde-11e9-a2fc-000d3a38a36f
567,5abe119c-5b97-11ea-b42d-000d3a38a36f
568,5ac5c4fa-542b-11ea-b1db-000d3a38a36f
569,5ae04a6c-5bb7-11ea-9dc3-000d3a38a36f
570,5b010dc6-9de7-11e9-9897-000d3a38a36f
571,5b3f7fe2-a860-11e9-a2fc-000d3a38a36f
572,5b4b0850-542f-11ea-b1db-000d3a38a36f
573,5bc3c016-a0c9-11e9-a2fc-000d3a38a36f
574,5bc87a7c-9de8-11e9-9897-000d3a38a36f
575,5bfbaca4-99c2-11ea-a274-000d3a38a36f
576,5c0ff6cc-127d-11ea-a001-000d3a38a36f
577,5c14aae6-74f7-11ea-bb48-000d3a38a36f
578,5c399384-c5c8-11ea-8698-000d3a38a36f
579,5c755ab8-2b9f-11ea-853d-000d3a38a36f
580,5ca4920e-5bd0-11ea-9ae2-000d3a38a36f
581,5ca640a6-abd9-11e9-a2fc-000d3a38a36f
582,5cb036ca-a4f8-11e9-a2fc-000d3a38a36f
583,5ccd2e68-1372-11ea-a001-000d3a38a36f
584,5ce88140-9ee7-11e9-9897-000d3a38a36f
585,5d4a3de2-4917-11ea-b6c0-000d3a38a36f
586,5d58c27a-1ad9-11ea-98d5-000d3a38a36f
587,5d70a902-a848-11e9-a2fc-000d3a38a36f
588,5d771322-b032-11e9-9757-000d3a38a36f
589,5dd318f8-ae9c-11e9-a2fc-000d3a38a36f
590,5df4b840-a727-11e9-a2fc-000d3a38a36f
591,5e67cc58-a8ae-11e9-a2fc-000d3a38a36f
592,5e744c7a-b363-11e9-a043-000d3a38a36f
593,5e8c37be-1ef6-11ea-81ff-000d3a38a36f
594,5e93e200-b120-11e9-9757-000d3a38a36f
595,5edeb302-5b4d-11ea-8a34-000d3a38a36f
596,5f1e3ac6-4f37-11ea-99ba-000d3a38a36f
597,5f43fe7e-ad6f-11e9-a2fc-000d3a38a36f
598,5f9b4750-d61f-11e9-93bc-000d3a38a36f
599,5fe1e444-a8e8-11e9-a2fc-000d3a38a36f
600,601627f6-6d8e-11eb-99c4-000d3a38a36f
601,60544cc8-a820-11e9-a2fc-000d3a38a36f
602,607f3e8e-4a9e-11eb-806e-000d3a38a36f
603,608fe71c-b01b-11e9-9757-000d3a38a36f
604,60b5530e-a91c-11e9-a2fc-000d3a38a36f
605,60b6f656-9f52-11e9-9897-000d3a38a36f
606,611a7084-9e56-11e9-9897-000d3a38a36f
607,612e222c-9ddf-11e9-9897-000d3a38a36f
608,6140b668-abdf-11e9-a2fc-000d3a38a36f
609,61893cf2-a532-11e9-a2fc-000d3a38a36f
610,61eb6024-2838-11ea-a043-000d3a38a36f
611,6201d566-a949-11e9-a2fc-000d3a38a36f
612,626b0be4-d6ee-11e9-93bc-000d3a38a36f
613,62bd5080-18d8-11ea-9213-000d3a38a36f
614,6334fd50-b05b-11e9-9757-000d3a38a36f
615,633b2996-980e-11ea-9d91-000d3a38a36f
616,6364b270-ab1f-11e9-a2fc-000d3a38a36f
617,638d9cce-afef-11e9-9757-000d3a38a36f
618,63cb6d58-ad4a-11e9-a2fc-000d3a38a36f
619,63d6e2d6-a346-11e9-a2fc-000d3a38a36f
620,6481e932-a9a5-11e9-a2fc-000d3a38a36f
621,64ee0da0-ad75-11e9-a2fc-000d3a38a36f
622,6513b3b8-5318-11ea-acd3-000d3a38a36f
623,651e4d46-22a7-11eb-99f8-000d3a38a36f
624,656a7eea-adf6-11e9-a2fc-000d3a38a36f
625,657e1c2a-b0a3-11e9-9757-000d3a38a36f
626,658cc8e6-aef1-11e9-a2fc-000d3a38a36f
627,659f6860-a524-11e9-a2fc-000d3a38a36f
628,662d2be6-a8ad-11e9-a2fc-000d3a38a36f
629,665a8bf4-abfa-11e9-a2fc-000d3a38a36f
630,66628af8-ad1b-11e9-a2fc-000d3a38a36f
631,667d3fe4-aa6c-11e9-a2fc-000d3a38a36f
632,66dc3a80-9f9f-11e9-a2fc-000d3a38a36f
633,66e109ce-297f-11ea-b87a-000d3a38a36f
634,66edb316-2774-11ea-aaaa-000d3a38a36f
635,66f99eac-a3c0-11e9-a2fc-000d3a38a36f
636,66fa439c-1ebe-11ea-aa32-000d3a38a36f
637,6713434c-9808-11ea-9d91-000d3a38a36f
638,671cbaee-a4fa-11eb-aa3b-000d3a299ebf
639,672705f0-d696-11e9-93bc-000d3a38a36f
640,67534e86-acbf-11e9-a2fc-000d3a38a36f
641,6754e360-ad9e-11e9-a2fc-000d3a38a36f
642,67618afa-a544-11e9-a2fc-000d3a38a36f
643,676783ee-f7ea-11e9-841e-000d3a38a36f
644,67756d10-b14a-11e9-9757-000d3a38a36f
645,678031d4-a739-11e9-a2fc-000d3a38a36f
646,678c1bb0-a19a-11e9-a2fc-000d3a38a36f
647,6792a6ae-a71e-11e9-a2fc-000d3a38a36f
648,67b1719e-6314-11ea-a6dc-000d3a38a36f
649,67b251d6-1a58-11ea-941b-000d3a38a36f
650,67fc9f46-5b37-11ea-ad99-000d3a38a36f
651,683e7d4e-1212-11ea-a001-000d3a38a36f
652,68426816-43e8-11ea-8b43-000d3a38a36f
653,687691ee-5451-11ea-b1db-000d3a38a36f
654,687db174-7e8e-11ea-80af-000d3a38a36f
655,68892622-7e4c-11ea-80af-000d3a38a36f
656,68cf9fca-2d89-11eb-8062-000d3a299ebf
657,68d101ce-9740-11ea-a9c8-000d3a38a36f
658,68faf9fc-9d54-11e9-9897-000d3a38a36f
659,6907e53c-316d-11eb-9dc6-000d3a38a36f
660,694973cc-d623-11e9-93bc-000d3a38a36f
661,6955ef54-f8eb-11e9-b138-000d3a38a36f
662,698a1480-ac58-11e9-a2fc-000d3a38a36f
663,69de254e-d6d2-11e9-93bc-000d3a38a36f
664,69fc3c42-13cb-11ea-a001-000d3a38a36f
665,6a00807a-a1e5-11e9-a2fc-000d3a38a36f
666,6a090a8e-ab71-11e9-a2fc-000d3a38a36f
667,6a138f62-d71e-11e9-93bc-000d3a38a36f
668,6a2de32e-aa0c-11e9-a2fc-000d3a38a36f
669,6a378636-9b9c-11ea-a27a-000d3a38a36f
670,6a50e9aa-b141-11e9-9757-000d3a38a36f
671,6a5bf47c-ae98-11e9-a2fc-000d3a38a36f
672,6a7a627a-af03-11e9-a2fc-000d3a38a36f
673,6a9a7542-acd3-11e9-a2fc-000d3a38a36f
674,6aad4162-ab9e-11e9-a2fc-000d3a38a36f
675,6af529f0-5b39-11ea-991c-000d3a38a36f
676,6b272a80-dbe6-11ea-a0af-000d3a38a36f
677,6b743e52-3da2-11ea-9e19-000d3a38a36f
678,6bad3614-aa66-11e9-a2fc-000d3a38a36f
679,6bb61316-5bd6-11ea-8cde-000d3a38a36f
680,6bb7a2e4-a81c-11e9-a2fc-000d3a38a36f
681,6bf3c54c-5b9c-11ea-a21d-000d3a38a36f
682,6c1d0538-d636-11e9-93bc-000d3a38a36f
683,6ca17860-21d3-11eb-99f8-000d3a38a36f
684,6cbd2286-f438-11ea-b013-000d3a38a36f
685,6cf23020-af83-11e9-a2fc-000d3a38a36f
686,6cf821a0-1e2e-11ea-8bf2-000d3a38a36f
687,6d07ccc2-a110-11e9-a2fc-000d3a38a36f
688,6d14119c-aba8-11e9-a2fc-000d3a38a36f
689,6d285c64-5e73-11ea-be5b-000d3a38a36f
690,6d293626-9edd-11e9-9897-000d3a38a36f
691,6d8f68cc-2c06-11ea-91ab-000d3a38a36f
692,6e020780-7ae1-11eb-8460-000d3a38a36f
693,6e74c236-670d-11ea-9d38-000d3a38a36f
694,6ebaf5a8-a953-11e9-a2fc-000d3a38a36f
695,6ebf7bc2-a77e-11e9-a2fc-000d3a38a36f
696,6ec17b74-8cc1-11ea-8f41-000d3a38a36f
697,6eda0072-f1c5-11ea-bde9-000d3a38a36f
698,6edc4c6a-29c0-11ea-87cc-000d3a38a36f
699,6edf9dc0-aba8-11e9-a2fc-000d3a38a36f
700,6ee94212-c4ed-11ea-98f7-000d3a38a36f
701,6efcfe32-ae60-11e9-a2fc-000d3a38a36f
702,6f3ff5a2-7dcb-11eb-bd59-000d3a38a36f
703,6f497880-1f6b-11ea-87bf-000d3a38a36f
704,6f8458be-ac21-11e9-a2fc-000d3a38a36f
705,6f880804-9ee5-11e9-9897-000d3a38a36f
706,6f9320ee-f27e-11e9-9346-000d3a38a36f
707,6fc7eea8-61a7-11ea-8dd8-000d3a38a36f
708,70145200-a87c-11e9-a2fc-000d3a38a36f
709,7090dfdc-600a-11ea-8dd8-000d3a38a36f
710,70a45bec-a6b1-11e9-a2fc-000d3a38a36f
711,70b54f90-44e2-11ea-acaf-000d3a38a36f
712,70c065b8-b1eb-11e9-89fa-000d3a38a36f
713,70c2b010-d6f9-11e9-93bc-000d3a38a36f
714,70f0fd00-aaf6-11e9-a2fc-000d3a38a36f
715,70f23330-a260-11e9-a2fc-000d3a38a36f
716,71423cb4-a51b-11e9-a2fc-000d3a38a36f
717,71976318-2aa0-11eb-b280-000d3a38a36f
718,71d935ba-2c07-11ea-91ab-000d3a38a36f
719,71ddcd34-a3cf-11e9-a2fc-000d3a38a36f
720,71ecbc32-49a5-11ea-8a4f-000d3a38a36f
721,720625b6-2018-11ea-87bf-000d3a38a36f
722,72858228-545e-11ea-b1db-000d3a38a36f
723,729eca82-ad31-11e9-a2fc-000d3a38a36f
724,72c5c64e-4e7d-11ea-99ba-000d3a38a36f
725,72df9d80-f82e-11e9-b138-000d3a38a36f
726,72f63fe8-dc96-11ea-9c1f-000d3a38a36f
727,7358b7b0-1b7d-11eb-8d74-000d3a38a36f
728,7393d678-a6e0-11e9-a2fc-000d3a38a36f
729,73b4c58c-3dac-11ea-9e19-000d3a38a36f
730,73e5dd7a-a699-11e9-a2fc-000d3a38a36f
731,741362d4-7053-11ea-b40c-000d3a38a36f
732,7427c896-a2e5-11e9-a2fc-000d3a38a36f
733,743ec16e-ede9-11e9-88c1-000d3a38a36f
734,744cd50e-c621-11ea-9bc9-000d3a38a36f
735,74573c18-d6f0-11e9-93bc-000d3a38a36f
736,74a8d1b6-7d5f-11ea-80af-000d3a38a36f
737,74baff56-52fa-11ea-9ade-000d3a38a36f
738,74ddd00c-a8b5-11e9-a2fc-000d3a38a36f
739,74e08d74-b067-11e9-9757-000d3a38a36f
740,74e176ca-ffbe-11e9-a5e8-000d3a38a36f
741,74f4477c-974f-11ea-a9c8-000d3a38a36f
742,752392b4-d7bc-11e9-93bc-000d3a38a36f
743,752a0a26-23c6-11ea-8523-000d3a38a36f
744,753a3452-a73c-11e9-a2fc-000d3a38a36f
745,75590bee-acd6-11e9-a2fc-000d3a38a36f
746,75aa27e4-aff7-11e9-9757-000d3a38a36f
747,75aea3d4-a8fb-11ea-8479-000d3a38a36f
748,75e03310-b11a-11e9-9757-000d3a38a36f
749,75fb1f46-59e2-11eb-9e65-000d3a38a36f
750,7604ee6a-da39-11e9-93bc-000d3a38a36f
751,760a4cd4-afd7-11e9-9757-000d3a38a36f
752,763f975c-a58e-11e9-a2fc-000d3a38a36f
753,764fd4c4-fe84-11e9-a5e8-000d3a38a36f
754,76947f56-2e96-11ea-bfbd-000d3a38a36f
755,76e4c7ee-a5da-11e9-a2fc-000d3a38a36f
756,76e91fde-5bcd-11ea-98bb-000d3a38a36f
757,76f5a0e0-aff9-11e9-9757-000d3a38a36f
758,7750afc4-a1c8-11e9-a2fc-000d3a38a36f
759,77570484-97ca-11ea-9d91-000d3a38a36f
760,7761d014-e539-11ea-b769-000d3a38a36f
761,777c4900-1a3a-11ea-941b-000d3a38a36f
762,77a0a176-4359-11eb-806e-000d3a38a36f
763,77c6f548-2743-11ea-aaaa-000d3a38a36f
764,77f2231c-23bf-11ea-8523-000d3a38a36f
765,77f8c672-a6d8-11e9-a2fc-000d3a38a36f
766,77fa07fa-b018-11e9-9757-000d3a38a36f
767,781e9584-9e2f-11e9-9897-000d3a38a36f
768,7865bab0-be3e-11ea-aa61-000d3a38a36f
769,786bf5d8-2226-11ea-8523-000d3a38a36f
770,786ffbf6-beac-11ea-958c-000d3a38a36f
771,78c37862-a99f-11e9-a2fc-000d3a38a36f
772,78d4aa64-5341-11ea-acd3-000d3a38a36f
773,794d341e-2215-11ea-ba6f-000d3a38a36f
774,797d6294-876c-11ea-ace9-000d3a38a36f
775,79b442ba-e918-11ea-8145-000d3a38a36f
776,7a670534-5b93-11ea-80f9-000d3a38a36f
777,7aaf3da2-a53d-11e9-a2fc-000d3a38a36f
778,7ae52cb8-20da-11eb-b361-000d3a38a36f
779,7aff7b54-abc4-11e9-a2fc-000d3a38a36f
780,7b147c06-2a82-11ea-b3a7-000d3a38a36f
781,7b2dc002-9eb0-11e9-9897-000d3a38a36f
782,7b920376-a7a9-11e9-a2fc-000d3a38a36f
783,7ba60388-1eb1-11ea-aa32-000d3a38a36f
784,7bdccb84-b507-11e9-9c4b-000d3a38a36f
785,7be69a80-ac2c-11e9-a2fc-000d3a38a36f
786,7c1f1696-aebe-11e9-a2fc-000d3a38a36f
787,7c6761b2-aa40-11e9-a2fc-000d3a38a36f
788,7cc29df0-a187-11e9-a2fc-000d3a38a36f
789,7cd5f6c4-2bd5-11ea-91ab-000d3a38a36f
790,7ce4ab44-9893-11ea-b97a-000d3a38a36f
791,7cefecc8-27b6-11ea-aaaa-000d3a38a36f
792,7d2724c2-ae3f-11e9-a2fc-000d3a38a36f
793,7d515d86-47c4-11ea-b6c0-000d3a38a36f
794,7d58deb6-62fa-11ea-a6dc-000d3a38a36f
795,7d59facc-a8e6-11e9-a2fc-000d3a38a36f
796,7d64e640-aec1-11e9-a2fc-000d3a38a36f
797,7d8897f4-f8a7-11e9-b138-000d3a38a36f
798,7dc17caa-6f52-11ea-b40c-000d3a38a36f
799,7dcd7e8a-9e31-11e9-9897-000d3a38a36f
800,7ddd64f4-aa06-11e9-a2fc-000d3a38a36f
801,7df26b6a-a957-11e9-a2fc-000d3a38a36f
802,7e4a1952-a6e9-11e9-a2fc-000d3a38a36f
803,7e5b4654-a816-11e9-a2fc-000d3a38a36f
804,7e6d1820-1fdf-11ea-87bf-000d3a38a36f
805,7e7e040a-15e4-11ea-aa74-000d3a38a36f
806,7e8fbafa-1883-11ea-9213-000d3a38a36f
807,7ea7a1b6-29e9-11ea-87cc-000d3a38a36f
808,7ebbf8b2-2e05-11ea-9ad5-000d3a38a36f
809,7ebd4990-ac93-11e9-a2fc-000d3a38a36f
810,7ed9f46c-5b0e-11ea-b41b-000d3a38a36f
811,7ee9668e-9d10-11e9-9897-000d3a38a36f
812,7f00361a-9eb5-11e9-9897-000d3a38a36f
813,7f2a215a-ac1b-11e9-a2fc-000d3a38a36f
814,7f2d1dd8-ac2f-11e9-a2fc-000d3a38a36f
815,7f556c94-13b6-11eb-8ffc-000d3a38a36f
816,7f97c644-d6c1-11e9-93bc-000d3a38a36f
817,7f9f4caa-a176-11e9-a2fc-000d3a38a36f
818,7fbe759c-18ec-11ea-9213-000d3a38a36f
819,7fdcb748-61d8-11ea-8dd8-000d3a38a36f
820,8007dd34-ddb6-11e9-9cd3-000d3a38a36f
821,800e4f60-ac0c-11e9-a2fc-000d3a38a36f
822,8011e4a2-1e96-11ea-aa32-000d3a38a36f
823,80217efa-a3ba-11e9-a2fc-000d3a38a36f
824,802715e4-214c-11ea-9618-000d3a38a36f
825,80381a0c-9d9d-11e9-9897-000d3a38a36f
826,805d1364-ee08-11e9-9346-000d3a38a36f
827,8065d526-7fa8-11ea-80af-000d3a38a36f
828,80772ae8-adce-11ea-b736-000d3a38a36f
829,808005da-a511-11e9-a2fc-000d3a38a36f
830,80a5c33e-a92f-11e9-a2fc-000d3a38a36f
831,80bc1e88-1228-11ea-a001-000d3a38a36f
832,80cae25e-48e8-11eb-806e-000d3a38a36f
833,80ed220e-af0d-11e9-a2fc-000d3a38a36f
834,80ee9966-3fce-11ea-aa6b-000d3a38a36f
835,80f61796-a92d-11e9-a2fc-000d3a38a36f
836,811e6c0e-27eb-11ea-a043-000d3a38a36f
837,813547ac-296c-11eb-b280-000d3a38a36f
838,81403348-a406-11e9-a2fc-000d3a38a36f
839,81565fbc-a792-11e9-a2fc-000d3a38a36f
840,81714de0-122c-11ea-a001-000d3a38a36f
841,8176b7b2-9fae-11e9-a2fc-000d3a38a36f
842,8180f6d2-ee0f-11e9-9346-000d3a38a36f
843,81831074-d6d2-11e9-93bc-000d3a38a36f
844,818600f6-5b9b-11ea-ba5c-000d3a38a36f
845,8196d5a4-7854-11ea-a036-000d3a38a36f
846,81b9e456-e2ed-11e9-ad00-000d3a38a36f
847,8267786e-d6bd-11e9-93bc-000d3a38a36f
848,82722ed2-be3c-11ea-aa61-000d3a38a36f
849,82a46650-1198-11ea-846f-000d3a38a36f
850,830c763a-7806-11ea-9b70-000d3a38a36f
851,833d9ae4-a769-11e9-a2fc-000d3a38a36f
852,834b3dac-d517-11ea-8606-000d3a38a36f
853,83625d54-120b-11ea-916f-000d3a38a36f
854,8370f4c6-9e0d-11e9-9897-000d3a38a36f
855,8388e810-1c33-11eb-8d74-000d3a38a36f
856,83d607a6-e0fe-11e9-957d-000d3a38a36f
857,83da62b2-a47f-11e9-a2fc-000d3a38a36f
858,8420d0ce-5bec-11ea-ac86-000d3a38a36f
859,844c2612-193d-11ea-b6a2-000d3a38a36f
860,8459be4a-1d29-11ea-a490-000d3a38a36f
861,845aea48-8be9-11ea-8ec0-000d3a38a36f
862,8470294c-752a-11ea-b23f-000d3a38a36f
863,847bbbc2-2ba1-11ea-853d-000d3a38a36f
864,848ec38c-98ae-11ea-b97a-000d3a38a36f
865,85068bf0-2c17-11ea-91ab-000d3a38a36f
866,850dc6be-29c8-11ea-87cc-000d3a38a36f
867,8552e876-a385-11e9-a2fc-000d3a38a36f
868,855e7464-acf1-11e9-a2fc-000d3a38a36f
869,8585aeca-a6c6-11e9-a2fc-000d3a38a36f
870,8586047e-abb2-11e9-a2fc-000d3a38a36f
871,85a5f8b0-2ba5-11ea-853d-000d3a38a36f
872,85cb3e36-a8dd-11e9-a2fc-000d3a38a36f
873,85faf63a-9f8c-11e9-a2fc-000d3a38a36f
874,8601417c-b033-11e9-9757-000d3a38a36f
875,860f377e-5b31-11ea-a2b1-000d3a38a36f
876,861f6d5c-7264-11ea-adca-000d3a38a36f
877,86bc0a1a-afb2-11e9-9757-000d3a38a36f
878,87498558-9d9b-11e9-9897-000d3a38a36f
879,8754c04e-aaa7-11e9-a2fc-000d3a38a36f
880,87dbaee0-a78e-11e9-a2fc-000d3a38a36f
881,87f973e8-ff0f-11e9-a5e8-000d3a38a36f
882,880a4c80-9786-11ea-a9c8-000d3a38a36f
883,8853a1c4-9fa1-11e9-a2fc-000d3a38a36f
884,8883b604-a1f7-11e9-a2fc-000d3a38a36f
885,88b0613a-33ec-11eb-9a15-000d3a38a36f
886,88b6072a-d650-11e9-93bc-000d3a38a36f
887,88cff9e4-a763-11e9-a2fc-000d3a38a36f
888,88f0600a-2849-11ea-b87a-000d3a38a36f
889,895af56a-5b92-11ea-9caa-000d3a38a36f
890,89784bc0-a570-11e9-a2fc-000d3a38a36f
891,899c2e5e-1320-11eb-8ffc-000d3a38a36f
892,89a14180-b04a-11e9-9757-000d3a38a36f
893,89bf03ec-2b00-11ea-9d27-000d3a38a36f
894,89e169ba-a4f9-11e9-a2fc-000d3a38a36f
895,8a88bcbc-addf-11e9-a2fc-000d3a38a36f
896,8b0d0c36-d6f4-11e9-93bc-000d3a38a36f
897,8b27418a-b040-11e9-9757-000d3a38a36f
898,8b30ff7e-b1ec-11e9-89fa-000d3a38a36f
899,8b5ca244-7ef8-11ea-80af-000d3a38a36f
900,8b6ef8c2-6260-11ea-9861-000d3a38a36f
901,8bbe62b0-9da1-11e9-9897-000d3a38a36f
902,8c03fea2-43a3-11eb-806e-000d3a38a36f
903,8c1a36d6-29fa-11ea-87cc-000d3a38a36f
904,8c324e38-9ef9-11e9-9897-000d3a38a36f
905,8c3546be-aa4e-11e9-a2fc-000d3a38a36f
906,8c3cec06-a6f8-11e9-a2fc-000d3a38a36f
907,8c4f2812-1edf-11ea-81ff-000d3a38a36f
908,8c891286-af66-11e9-a2fc-000d3a38a36f
909,8cf14426-8546-11ea-80af-000d3a38a36f
910,8d280312-4b35-11ea-a626-000d3a38a36f
911,8d45b7fa-b0a7-11e9-9757-000d3a38a36f
912,8d53eac4-fefd-11e9-a5e8-000d3a38a36f
913,8d601e88-1e48-11ea-8bf2-000d3a38a36f
914,8d83f104-d60a-11e9-93bc-000d3a38a36f
915,8db159e6-1327-11ea-a001-000d3a38a36f
916,8dd5eaf2-f5af-11ea-a533-000d3a38a36f
917,8e139dee-673d-11ea-9d38-000d3a38a36f
918,8e170550-55db-11eb-9e65-000d3a38a36f
919,8e259008-6251-11ea-9d1a-000d3a38a36f
920,8e4d84f8-47c8-11ea-b6c0-000d3a38a36f
921,8e8ea862-1860-11ea-9213-000d3a38a36f
922,8e946800-d883-11e9-93bc-000d3a38a36f
923,8ea69082-1e44-11ea-8bf2-000d3a38a36f
924,8eac2fda-a8e0-11e9-a2fc-000d3a38a36f
925,8ed1e16e-a50a-11e9-a2fc-000d3a38a36f
926,8ee32436-5bdc-11ea-8dde-000d3a38a36f
927,8ee5ed26-194f-11ea-b6a2-000d3a38a36f
928,8ef66144-a585-11e9-a2fc-000d3a38a36f
929,8f25fc60-9f5e-11e9-a2fc-000d3a38a36f
930,8f413578-567b-11ea-b9b9-000d3a38a36f
931,8f466e4a-a739-11e9-a2fc-000d3a38a36f
932,8f775632-b05b-11ea-b736-000d3a38a36f
933,8f8a7c6e-b3ce-11ea-8745-000d3a38a36f
934,8fce8e24-a31f-11e9-a2fc-000d3a38a36f
935,9096f738-9d75-11e9-9897-000d3a38a36f
936,90e0b158-2b54-11ea-9d27-000d3a38a36f
937,91212c22-ad43-11e9-a2fc-000d3a38a36f
938,918a082e-a5b3-11e9-a2fc-000d3a38a36f
939,91b165ee-a717-11e9-a2fc-000d3a38a36f
940,91eaf398-a5c0-11e9-a2fc-000d3a38a36f
941,92048f9a-3fae-11eb-806e-000d3a38a36f
942,922d71f4-a7d3-11e9-a2fc-000d3a38a36f
943,9296abbc-712f-11ea-adca-000d3a38a36f
944,92a334ee-58f2-11eb-9e65-000d3a38a36f
945,92e8ebc6-f30c-11e9-9346-000d3a38a36f
946,92eda450-f973-11e9-b138-000d3a38a36f
947,9335e6e2-7281-11eb-aa44-000d3a38a36f
948,93389974-5b2a-11ea-8b00-000d3a38a36f
949,93aa8206-1361-11eb-8ffc-000d3a38a36f
950,93b053f6-0e08-11eb-8ffc-000d3a38a36f
951,93d075da-ae16-11e9-a2fc-000d3a38a36f
952,93d58d30-fb15-11e9-b138-000d3a38a36f
953,93dcc1ba-9dee-11e9-9897-000d3a38a36f
954,93fa6ecc-11ed-11ea-916f-000d3a38a36f
955,9400176c-b01a-11e9-9757-000d3a38a36f
956,94043018-b06a-11e9-9757-000d3a38a36f
957,94204bce-397f-11ea-85d6-000d3a38a36f
958,94282fac-622d-11ea-9d1a-000d3a38a36f
959,946932be-a3cd-11e9-a2fc-000d3a38a36f
960,949e6442-62f5-11ea-a6dc-000d3a38a36f
961,94b5a298-5b42-11ea-88c2-000d3a38a36f
962,94be57ce-ade8-11e9-a2fc-000d3a38a36f
963,94e625d4-4365-11ea-8b43-000d3a38a36f
964,94fa1dd4-a750-11e9-a2fc-000d3a38a36f
965,950acdea-5c27-11eb-8dbd-000d3a38a36f
966,952ce3aa-23e1-11ea-8523-000d3a38a36f
967,95546a28-ab5b-11e9-a2fc-000d3a38a36f
968,955b2dc2-97eb-11ea-9d91-000d3a38a36f
969,956155ee-514b-11ea-99ba-000d3a38a36f
970,957a3b9a-5bbe-11ea-a6c8-000d3a38a36f
971,95a0fd42-fee5-11e9-a5e8-000d3a38a36f
972,95cc7530-5bc4-11ea-81ca-000d3a38a36f
973,95eb4e60-a8f5-11e9-a2fc-000d3a38a36f
974,961295e2-aad0-11e9-a2fc-000d3a38a36f
975,9613a882-a513-11e9-a2fc-000d3a38a36f
976,964d8944-ab3a-11e9-a2fc-000d3a38a36f
977,96e0f530-2cc6-11eb-b280-000d3a38a36f
978,97016490-a26c-11e9-a2fc-000d3a38a36f
979,978bfbe4-d667-11e9-93bc-000d3a38a36f
980,979105c8-ae88-11e9-a2fc-000d3a38a36f
981,97d05b1e-b05f-11e9-9757-000d3a38a36f
982,97e2bce6-183d-11ea-9213-000d3a38a36f
983,98170d7a-a0e2-11e9-a2fc-000d3a38a36f
984,985f83ea-a24d-11e9-a2fc-000d3a38a36f
985,98928afc-2465-11ea-a30f-000d3a38a36f
986,98c8d1d6-1081-11ea-8ce6-000d3a38a36f
987,991dda02-5bed-11ea-a815-000d3a38a36f
988,993212f0-4126-11eb-806e-000d3a38a36f
989,9939a9e6-1f7d-11ea-87bf-000d3a38a36f
990,9957d1de-0121-11ea-a5e8-000d3a38a36f
991,995fbd16-bdf7-11ea-aa61-000d3a38a36f
992,99a4e8c8-aac5-11e9-a2fc-000d3a38a36f
993,99d76c8a-2599-11eb-81e9-000d3a38a36f
994,99da404e-adf5-11e9-a2fc-000d3a38a36f
995,99dc7024-abd1-11e9-a2fc-000d3a38a36f
996,99e5fb78-a0d5-11e9-a2fc-000d3a38a36f
997,99f79740-a696-11e9-a2fc-000d3a38a36f
998,9a0e8088-21b4-11ea-9618-000d3a38a36f
999,9a0fe294-63b2-11ea-a6dc-000d3a38a36f
1000,9a39b0be-aec3-11e9-a2fc-000d3a38a36f
1001,9a43a1fe-5419-11ea-b1db-000d3a38a36f
1002,9a5ac498-a9aa-11e9-a2fc-000d3a38a36f
1003,9a5b8680-ae55-11e9-a2fc-000d3a38a36f
1004,9a8fbf9c-a7af-11e9-a2fc-000d3a38a36f
1005,9ab306e0-9dc9-11e9-9897-000d3a38a36f
1006,9add590a-a7f0-11e9-a2fc-000d3a38a36f
1007,9af01fd2-ac54-11e9-a2fc-000d3a38a36f
1008,9afdb674-2bdd-11eb-b280-000d3a38a36f
1009,9b01de90-5215-11ea-88d3-000d3a38a36f
1010,9b0af96e-a543-11e9-a2fc-000d3a38a36f
1011,9b1ad686-9f5d-11e9-a2fc-000d3a38a36f
1012,9b412648-2111-11ea-b50a-000d3a38a36f
1013,9b735e84-5338-11ea-acd3-000d3a38a36f
1014,9b8e3d42-187e-11eb-8d74-000d3a38a36f
1015,9bf43ed6-a385-11e9-a2fc-000d3a38a36f
1016,9bfd94f8-a728-11e9-a2fc-000d3a38a36f
1017,9c353550-d573-11ea-8606-000d3a38a36f
1018,9c36b952-5efd-11eb-8dbd-000d3a38a36f
1019,9c49d80e-aabb-11e9-a2fc-000d3a38a36f
1020,9c80d2a2-a122-11e9-a2fc-000d3a38a36f
1021,9c9c165e-45e3-11eb-806e-000d3a38a36f
1022,9cb6ab7c-5b3d-11ea-b93c-000d3a38a36f
1023,9cbc03dc-a725-11e9-a2fc-000d3a38a36f
1024,9cc212a2-afb5-11e9-9757-000d3a38a36f
1025,9d32a6ee-2fd8-11eb-8f90-000d3a38a36f
1026,9d333174-5bb0-11ea-b25a-000d3a38a36f
1027,9d3feb84-b1ed-11e9-89fa-000d3a38a36f
1028,9de213e6-ad92-11e9-a2fc-000d3a38a36f
1029,9e10102e-a5c8-11e9-a2fc-000d3a38a36f
1030,9e444422-ad32-11e9-a2fc-000d3a38a36f
1031,9e5076c8-a794-11e9-a2fc-000d3a38a36f
1032,9e64c3ee-2c1e-11ea-91ab-000d3a38a36f
1033,9e884562-295d-11ea-b87a-000d3a38a36f
1034,9ea865f8-a6b9-11e9-a2fc-000d3a38a36f
1035,9ef1b664-568f-11ea-b9b9-000d3a38a36f
1036,9f767036-a7b0-11e9-a2fc-000d3a38a36f
1037,9f78b8c2-d72c-11e9-93bc-000d3a38a36f
1038,9fa00f18-5be7-11ea-9818-000d3a38a36f
1039,9fe956d2-abf2-11e9-a2fc-000d3a38a36f
1040,a0203ad6-98ae-11ea-b97a-000d3a38a36f
1041,a0312f9e-249b-11ea-bf27-000d3a38a36f
1042,a07ccdb6-9ee8-11e9-9897-000d3a38a36f
1043,a09b42b6-d86b-11e9-93bc-000d3a38a36f
1044,a0ba96c4-48e7-11ea-b6c0-000d3a38a36f
1045,a0c47aec-a9cb-11e9-a2fc-000d3a38a36f
1046,a10b8592-544b-11ea-b1db-000d3a38a36f
1047,a1179ac6-2a2f-11ea-99b3-000d3a38a36f
1048,a1200cf0-5bae-11ea-a57c-000d3a38a36f
1049,a12c8950-2867-11ea-b87a-000d3a38a36f
1050,a14da03e-3007-11ea-bb28-000d3a38a36f
1051,a17545ea-bc60-11ea-aa61-000d3a38a36f
1052,a1b5f600-ee05-11e9-9346-000d3a38a36f
1053,a1c14ffc-a993-11e9-a2fc-000d3a38a36f
1054,a207fe8a-5cba-11eb-8dbd-000d3a38a36f
1055,a2383c34-ab19-11e9-a2fc-000d3a38a36f
1056,a2431332-dca7-11ea-9c1f-000d3a38a36f
1057,a2800368-b1f7-11e9-89fa-000d3a38a36f
1058,a28e4550-4ebc-11eb-806e-000d3a38a36f
1059,a28ed2c0-62ce-11ea-9861-000d3a38a36f
1060,a2995be4-a7cd-11e9-a2fc-000d3a38a36f
1061,a2a4702a-1b80-11ea-ac4f-000d3a38a36f
1062,a2ccce38-a32d-11e9-a2fc-000d3a38a36f
1063,a306c258-a50a-11e9-a2fc-000d3a38a36f
1064,a306e3f6-5bde-11ea-8d07-000d3a38a36f
1065,a345686a-e45b-11e9-ad00-000d3a38a36f
1066,a3495872-1b9a-11eb-8d74-000d3a38a36f
1067,a355c24c-ddc0-11e9-a848-000d3a38a36f
1068,a3ba6b6c-a188-11e9-a2fc-000d3a38a36f
1069,a3d12a60-319b-11eb-adfe-000d3a38a36f
1070,a3fe6e62-3d9e-11eb-a48e-000d3a38a36f
1071,a4659e1c-24d5-11ea-bf27-000d3a38a36f
1072,a47a85fe-aafd-11e9-a2fc-000d3a38a36f
1073,a4bfb076-b001-11e9-9757-000d3a38a36f
1074,a4c17f5e-12fe-11ea-a001-000d3a38a36f
1075,a4ff063c-b154-11e9-9757-000d3a38a36f
1076,a526efc2-ac85-11e9-a2fc-000d3a38a36f
1077,a52ab84e-6d07-11ea-84a8-000d3a38a36f
1078,a5317354-306d-11ea-bb28-000d3a38a36f
1079,a57f4302-b1a8-11e9-89fa-000d3a38a36f
1080,a591bc46-5b47-11ea-9f0c-000d3a38a36f
1081,a5af4868-a929-11e9-a2fc-000d3a38a36f
1082,a5b3123e-f142-11e9-9346-000d3a38a36f
1083,a5c024aa-0b96-11eb-8ffc-000d3a38a36f
1084,a612dc56-e1ec-11e9-957d-000d3a38a36f
1085,a6137584-a750-11e9-a2fc-000d3a38a36f
1086,a618bae6-9f51-11e9-9897-000d3a38a36f
1087,a6479baa-a54a-11e9-a2fc-000d3a38a36f
1088,a68c3278-adcf-11e9-a2fc-000d3a38a36f
1089,a6a0638e-9ec9-11e9-9897-000d3a38a36f
1090,a6a9ae8a-6e39-11eb-99c4-000d3a38a36f
1091,a6c4946c-5bf1-11ea-bf7c-000d3a38a36f
1092,a6ca8076-6226-11ea-9d1a-000d3a38a36f
1093,a70d5f3a-ac92-11e9-a2fc-000d3a38a36f
1094,a71d90e4-53e0-11ea-94d4-000d3a38a36f
1095,a754da40-a83c-11e9-a2fc-000d3a38a36f
1096,a774132e-ace2-11e9-a2fc-000d3a38a36f
1097,a78565a4-a9d9-11e9-a2fc-000d3a38a36f
1098,a78a0a56-6a02-11eb-b5d7-000d3a38a36f
1099,a7f1e678-1880-11ea-9213-000d3a38a36f
1100,a832ec48-b121-11e9-9757-000d3a38a36f
1101,a8595122-af6d-11e9-a2fc-000d3a38a36f
1102,a860c662-62de-11ea-a6dc-000d3a38a36f
1103,a8708696-9dc8-11e9-9897-000d3a38a36f
1104,a873004e-2b42-11ea-9d27-000d3a38a36f
1105,a87f650a-6de0-11eb-99c4-000d3a38a36f
1106,a8ad11de-a9ca-11e9-a2fc-000d3a38a36f
1107,a8be615a-b154-11e9-9757-000d3a38a36f
1108,a8ebbad4-594a-11eb-9e65-000d3a38a36f
1109,a8fcb4c2-28e1-11eb-b7dd-000d3a38a36f
1110,a91e073e-2537-11ea-bf27-000d3a38a36f
1111,a93c9b08-ac2f-11e9-a2fc-000d3a38a36f
1112,a957f50c-7109-11ea-ad37-000d3a38a36f
1113,a9ae7084-f4af-11e9-9346-000d3a38a36f
1114,a9bc8468-3fbd-11ea-aa6b-000d3a38a36f
1115,a9c2cce0-1a99-11ea-98d5-000d3a38a36f
1116,a9eed2ca-3030-11ea-bb28-000d3a38a36f
1117,aa09e9c8-ab3f-11e9-a2fc-000d3a38a36f
1118,aa3d2a8c-a54e-11e9-a2fc-000d3a38a36f
1119,aa46e43c-a79c-11e9-a2fc-000d3a38a36f
1120,aa4eb890-abea-11e9-a2fc-000d3a38a36f
1121,aa7884de-a32c-11e9-a2fc-000d3a38a36f
1122,aa796de2-50e4-11eb-806e-000d3a38a36f
1123,aaad4a04-2b6f-11ea-9d27-000d3a38a36f
1124,aab17cb8-a39e-11e9-a2fc-000d3a38a36f
1125,aab34774-5338-11ea-acd3-000d3a38a36f
1126,aae10962-d6c8-11e9-93bc-000d3a38a36f
1127,aaf99dbe-2a70-11ea-b3a7-000d3a38a36f
1128,ab52332e-a1af-11e9-a2fc-000d3a38a36f
1129,abdb15de-5b1e-11eb-8dbd-000d3a38a36f
1130,ac3ea568-23a2-11ea-8523-000d3a38a36f
1131,acd4a564-6352-11ea-a6dc-000d3a38a36f
1132,acd71594-b207-11e9-89fa-000d3a38a36f
1133,acf0e61e-a3fb-11e9-a2fc-000d3a38a36f
1134,ad0b4f80-8c40-11ea-8f41-000d3a38a36f
1135,ad1e8fba-a487-11e9-a2fc-000d3a38a36f
1136,ad86fe1a-aeaa-11e9-a2fc-000d3a38a36f
1137,ad8c0582-2b9a-11ea-853d-000d3a38a36f
1138,ad8d7e12-a94f-11e9-a2fc-000d3a38a36f
1139,adb1c840-c77a-11ea-a9ba-000d3a38a36f
1140,adefdbde-a1a2-11e9-a2fc-000d3a38a36f
1141,adfb1750-d8f2-11ea-a65b-000d3a38a36f
1142,ae00c680-a94d-11e9-a2fc-000d3a38a36f
1143,ae19cda8-b0df-11e9-9757-000d3a38a36f
1144,ae1e6b8a-bbb8-11ea-a0c9-000d3a38a36f
1145,ae2150e4-abeb-11e9-a2fc-000d3a38a36f
1146,ae843502-a9bf-11e9-a2fc-000d3a38a36f
1147,ae8c45e4-e10f-11e9-957d-000d3a38a36f
1148,ae9d7672-b07f-11e9-9757-000d3a38a36f
1149,aee373c0-ab70-11e9-a2fc-000d3a38a36f
1150,aee6ddc0-d249-11ea-8aab-000d3a38a36f
1151,af0d2344-5671-11ea-b9b9-000d3a38a36f
1152,af54f4ca-ad99-11e9-a2fc-000d3a38a36f
1153,af6919c0-a518-11e9-a2fc-000d3a38a36f
1154,af7bb65c-24c9-11eb-86c1-000d3a38a36f
1155,afb0091e-d67f-11e9-93bc-000d3a38a36f
1156,afdd64e6-d281-11ea-8aab-000d3a38a36f
1157,afdf4a20-24aa-11ea-bf27-000d3a38a36f
1158,aff25e70-a106-11ea-9d0a-000d3a38a36f
1159,aff4b22e-a7be-11ea-bd63-000d3a38a36f
1160,afffd0da-4924-11ea-bf43-000d3a38a36f
1161,b006925a-3fbc-11eb-806e-000d3a38a36f
1162,b008ffda-b1d4-11e9-89fa-000d3a38a36f
1163,b0625668-a214-11e9-a2fc-000d3a38a36f
1164,b085b8d0-2160-11ea-9618-000d3a38a36f
1165,b1590256-9d19-11e9-9897-000d3a38a36f
1166,b181e9ec-ac81-11e9-a2fc-000d3a38a36f
1167,b1882316-a867-11e9-a2fc-000d3a38a36f
1168,b19b2036-ad96-11e9-a2fc-000d3a38a36f
1169,b1b8ff6a-24ed-11ea-bf27-000d3a38a36f
1170,b1cfef08-2d95-11ea-8e71-000d3a38a36f
1171,b1d4a0ae-b133-11e9-9757-000d3a38a36f
1172,b2339768-d630-11e9-93bc-000d3a38a36f
1173,b23c30c0-5e80-11ea-be5b-000d3a38a36f
1174,b260b6a6-a928-11e9-a2fc-000d3a38a36f
1175,b2aedbfa-1080-11ea-8ce6-000d3a38a36f
1176,b2b4003e-7382-11ea-92d0-000d3a38a36f
1177,b2b69b14-e52e-11ea-b769-000d3a38a36f
1178,b2cb9636-aa1f-11e9-a2fc-000d3a38a36f
1179,b2fc1c98-e13d-11e9-957d-000d3a38a36f
1180,b339d1ba-a190-11e9-a2fc-000d3a38a36f
1181,b349f63a-734a-11ea-92d0-000d3a38a36f
1182,b365ac8c-a58b-11e9-a2fc-000d3a38a36f
1183,b3a0034c-aa20-11ea-b736-000d3a38a36f
1184,b3ac73c6-39e5-11ea-85d6-000d3a38a36f
1185,b3edfb0a-2227-11ea-8523-000d3a38a36f
1186,b42e200e-d664-11e9-93bc-000d3a38a36f
1187,b4613952-a24e-11e9-a2fc-000d3a38a36f
1188,b4646b3c-50cf-11eb-806e-000d3a38a36f
1189,b47f4254-ff27-11e9-a5e8-000d3a38a36f
1190,b49613e6-a7d7-11e9-a2fc-000d3a38a36f
1191,b4b9fa3e-a427-11ea-bd63-000d3a38a36f
1192,b4c82d94-50f1-11eb-806e-000d3a38a36f
1193,b4d4f454-28aa-11ea-b87a-000d3a38a36f
1194,b51221d8-ab5c-11e9-a2fc-000d3a38a36f
1195,b514d468-5b52-11ea-85ca-000d3a38a36f
1196,b51579e6-a86e-11e9-a2fc-000d3a38a36f
1197,b5366d50-1a73-11ea-941b-000d3a38a36f
1198,b5c51882-9e7e-11e9-9897-000d3a38a36f
1199,b5d168bc-d67d-11e9-93bc-000d3a38a36f
1200,b5f047a4-1aa3-11ea-98d5-000d3a38a36f
1201,b60fdd7a-aa83-11e9-a2fc-000d3a38a36f
1202,b624f67e-a72c-11e9-a2fc-000d3a38a36f
1203,b64eeb04-abd3-11e9-a2fc-000d3a38a36f
1204,b651882c-2285-11ea-8523-000d3a38a36f
1205,b65f7554-9db0-11e9-9897-000d3a38a36f
1206,b671f0fe-accd-11e9-a2fc-000d3a38a36f
1207,b6809734-a1cf-11e9-a2fc-000d3a38a36f
1208,b68167fa-ab60-11e9-a2fc-000d3a38a36f
1209,b69012f4-e824-11e9-8bb8-000d3a38a36f
1210,b6f64a98-a935-11e9-a2fc-000d3a38a36f
1211,b704ec8a-45cc-11eb-806e-000d3a38a36f
1212,b718ae36-2832-11ea-a043-000d3a38a36f
1213,b7323122-a77b-11e9-a2fc-000d3a38a36f
1214,b736e7d6-a18a-11e9-a2fc-000d3a38a36f
1215,b73bd9a8-a766-11e9-a2fc-000d3a38a36f
1216,b74d8df8-5b28-11ea-834f-000d3a38a36f
1217,b78205cc-9d70-11e9-9897-000d3a38a36f
1218,b7948fbc-3afe-11eb-a48e-000d3a38a36f
1219,b796de3c-a808-11e9-a2fc-000d3a38a36f
1220,b7ca2fdc-53af-11ea-abe0-000d3a38a36f
1221,b81282fe-b121-11e9-9757-000d3a38a36f
1222,b8243802-575e-11eb-9e65-000d3a38a36f
1223,b860dbd6-a387-11e9-a2fc-000d3a38a36f
1224,b8b1b874-b220-11e9-b5cf-000d3a38a36f
1225,b8c49720-9b84-11ea-a27a-000d3a38a36f
1226,b8d208f4-a9ec-11e9-a2fc-000d3a38a36f
1227,b8d62f64-2778-11eb-8a9b-000d3a38a36f
1228,b9022322-a91a-11e9-a2fc-000d3a38a36f
1229,b9099954-9e8e-11e9-9897-000d3a38a36f
1230,b92e3ee6-d609-11e9-93bc-000d3a38a36f
1231,b938fd34-5e9b-11ea-be5b-000d3a38a36f
1232,b952b604-a71a-11e9-a2fc-000d3a38a36f
1233,b9630274-2506-11ea-bf27-000d3a38a36f
1234,b9971918-4415-11eb-806e-000d3a38a36f
1235,b9c0d254-6657-11ea-82da-000d3a38a36f
1236,b9eb3016-ff29-11e9-a5e8-000d3a38a36f
1237,ba2e54a2-4418-11ea-8b43-000d3a38a36f
1238,ba3c7962-2bcf-11ea-91ab-000d3a38a36f
1239,ba4851c6-def7-11e9-957d-000d3a38a36f
1240,ba9247f2-f35d-11e9-9346-000d3a38a36f
1241,baf4b64c-ce6f-11ea-a8f0-000d3a38a36f
1242,bb279474-160d-11ea-aa74-000d3a38a36f
1243,bb3d8f5c-a52b-11e9-a2fc-000d3a38a36f
1244,bb70aed4-a8ee-11e9-a2fc-000d3a38a36f
1245,bb9dbb7e-707e-11ea-8369-000d3a38a36f
1246,bbc236ae-9f35-11e9-9897-000d3a38a36f
1247,bbc89b82-53be-11ea-abe0-000d3a38a36f
1248,bbff8a3e-b700-11ea-9e09-000d3a38a36f
1249,bc0d2e9a-769b-11eb-bf95-000d3a38a36f
1250,bc1380e4-1876-11ea-9213-000d3a38a36f
1251,bc2f61c0-afde-11e9-9757-000d3a38a36f
1252,bc5f330e-d60e-11e9-93bc-000d3a38a36f
1253,bc9a4ac8-5b53-11ea-8876-000d3a38a36f
1254,bd81d9b4-ac63-11e9-a2fc-000d3a38a36f
1255,bdd91a66-3cb4-11eb-a48e-000d3a38a36f
1256,bdfe42c4-ad35-11e9-a2fc-000d3a38a36f
1257,be6ac792-074c-11eb-8ffc-000d3a38a36f
1258,be90aea4-9dd9-11e9-9897-000d3a38a36f
1259,bef9167e-416c-11ea-96d9-000d3a38a36f
1260,bfc9cf46-acdc-11e9-a2fc-000d3a38a36f
1261,bfe4decc-6392-11ea-a6dc-000d3a38a36f
1262,bfedd2f0-a58a-11e9-a2fc-000d3a38a36f
1263,bff3ce7a-a5a9-11e9-a2fc-000d3a38a36f
1264,c0218a44-b0d6-11e9-9757-000d3a38a36f
1265,c1001398-aef8-11e9-a2fc-000d3a38a36f
1266,c1142094-5b47-11ea-9df3-000d3a38a36f
1267,c1f0a998-15e6-11ea-aa74-000d3a38a36f
1268,c1f802b2-22ae-11eb-99f8-000d3a38a36f
1269,c25e5ebc-fb95-11ea-9564-000d3a38a36f
1270,c28a5b5e-ade2-11e9-a2fc-000d3a38a36f
1271,c325eada-a8d1-11e9-a2fc-000d3a38a36f
1272,c345c868-15e7-11ea-aa74-000d3a38a36f
1273,c3648134-a99c-11e9-a2fc-000d3a38a36f
1274,c36e6408-a1d8-11ea-9c18-000d3a38a36f
1275,c3740548-aa80-11e9-a2fc-000d3a38a36f
1276,c3c443a0-b020-11e9-9757-000d3a38a36f
1277,c3ef0a92-b113-11e9-9757-000d3a38a36f
1278,c40ba2ec-9da4-11e9-9897-000d3a38a36f
1279,c42482e6-e5dc-11e9-ad00-000d3a38a36f
1280,c448b17c-b51a-11e9-9c4b-000d3a38a36f
1281,c458a47c-b021-11e9-9757-000d3a38a36f
1282,c469f9d2-a7db-11e9-a2fc-000d3a38a36f
1283,c4876510-b002-11e9-9757-000d3a38a36f
1284,c488845a-a12e-11e9-a2fc-000d3a38a36f
1285,c4a6cb86-a7e6-11e9-a2fc-000d3a38a36f
1286,c4b363d4-c6c4-11ea-9d14-000d3a38a36f
1287,c4d94a92-ab9d-11e9-a2fc-000d3a38a36f
1288,c541ea64-41ea-11ea-96d9-000d3a38a36f
1289,c55d5d18-a851-11e9-a2fc-000d3a38a36f
1290,c5a45aaa-a7da-11e9-a2fc-000d3a38a36f
1291,c5a8fb8c-f753-11e9-841e-000d3a38a36f
1292,c5ca2f3a-a7ea-11ea-bd63-000d3a38a36f
1293,c618e68e-ae3f-11e9-a2fc-000d3a38a36f
1294,c644de38-a106-11e9-a2fc-000d3a38a36f
1295,c6648830-a301-11e9-a2fc-000d3a38a36f
1296,c6740f60-ad3f-11e9-a2fc-000d3a38a36f
1297,c69a6690-bc59-11ea-aa61-000d3a38a36f
1298,c6d098e2-af9d-11e9-a2fc-000d3a38a36f
1299,c7034cbe-1f56-11ea-87bf-000d3a38a36f
1300,c713e3ca-b3a9-11ea-8745-000d3a38a36f
1301,c781115e-d6da-11e9-93bc-000d3a38a36f
1302,c7ba1696-b16b-11e9-89fa-000d3a38a36f
1303,c7ca09a0-98d0-11ea-b97a-000d3a38a36f
1304,c7cbd0ae-abd3-11e9-a2fc-000d3a38a36f
1305,c7d89292-d6be-11e9-93bc-000d3a38a36f
1306,c7f94642-aa89-11e9-a2fc-000d3a38a36f
1307,c8038e64-d89f-11ea-aee7-000d3a38a36f
1308,c81283e2-9f7a-11e9-a2fc-000d3a38a36f
1309,c86258e2-ad65-11e9-a2fc-000d3a38a36f
1310,c8767008-4c0f-11eb-806e-000d3a38a36f
1311,c887d78c-614e-11ea-8dd8-000d3a38a36f
1312,c8a390d0-5b31-11ea-ab55-000d3a38a36f
1313,c91a4cbe-3bca-11eb-a48e-000d3a38a36f
1314,c922f71c-ad53-11e9-a2fc-000d3a38a36f
1315,c97ea23c-5bbe-11ea-bfb1-000d3a38a36f
1316,c9b10362-b0bf-11e9-9757-000d3a38a36f
1317,ca00a580-8d22-11ea-8f41-000d3a38a36f
1318,ca4338c8-a939-11e9-a2fc-000d3a38a36f
1319,ca86fbaa-b120-11e9-9757-000d3a38a36f
1320,caa72732-ad4b-11e9-a2fc-000d3a38a36f
1321,cab62da0-1fe6-11ea-87bf-000d3a38a36f
1322,caeec21a-a9bb-11e9-a2fc-000d3a38a36f
1323,cb05382c-5eb2-11ea-be5b-000d3a38a36f
1324,cb0ca1da-2266-11ea-8523-000d3a38a36f
1325,cb57eb46-1acc-11ea-98d5-000d3a38a36f
1326,cb6786e2-b117-11e9-9757-000d3a38a36f
1327,cb6e3138-60c9-11ea-8dd8-000d3a38a36f
1328,cbdea26a-57f9-11eb-9e65-000d3a38a36f
1329,cbe48a04-5b06-11ea-9f61-000d3a38a36f
1330,cbee6360-f12c-11e9-9346-000d3a38a36f
1331,cc00176e-ff27-11e9-a5e8-000d3a38a36f
1332,cc850878-26ac-11ea-aaaa-000d3a38a36f
1333,cce83316-245f-11ea-a30f-000d3a38a36f
1334,cd6d01d0-9ef0-11e9-9897-000d3a38a36f
1335,cda759f8-246e-11ea-a30f-000d3a38a36f
1336,ce426d60-a987-11e9-a2fc-000d3a38a36f
1337,ce45e08e-a92e-11e9-a2fc-000d3a38a36f
1338,ce48d558-22d4-11ea-8523-000d3a38a36f
1339,ce4dd998-af9a-11e9-a2fc-000d3a38a36f
1340,ce4e67c8-a103-11e9-a2fc-000d3a38a36f
1341,ce872152-cd86-11ea-b1a6-000d3a38a36f
1342,cea000ca-29ce-11ea-87cc-000d3a38a36f
1343,cec66ef0-ac00-11e9-a2fc-000d3a38a36f
1344,cf352dae-aa20-11e9-a2fc-000d3a38a36f
1345,cf939032-adaf-11e9-a2fc-000d3a38a36f
1346,cf9b09bc-5277-11ea-956d-000d3a38a36f
1347,cf9b95f0-abbd-11e9-a2fc-000d3a38a36f
1348,cfb46f44-94c4-11ea-85df-000d3a38a36f
1349,cfdf4856-9f95-11e9-a2fc-000d3a38a36f
1350,cfe62e26-af73-11e9-a2fc-000d3a38a36f
1351,d0602ae0-74f9-11ea-bb48-000d3a38a36f
1352,d065cee0-5286-11ea-8850-000d3a38a36f
1353,d09d8ee0-a324-11ea-9c18-000d3a38a36f
1354,d0ce7c0e-ac7f-11e9-a2fc-000d3a38a36f
1355,d184d764-ae65-11e9-a2fc-000d3a38a36f
1356,d191b78e-283d-11ea-b87a-000d3a38a36f
1357,d1ac34a4-b06c-11e9-9757-000d3a38a36f
1358,d1c0ba24-1ec0-11ea-aa32-000d3a38a36f
1359,d1fe6894-a582-11ea-bd63-000d3a38a36f
1360,d1ffc3ae-b00c-11e9-9757-000d3a38a36f
1361,d2795fde-6a0f-11eb-b5d7-000d3a38a36f
1362,d2bcc35a-a8dc-11e9-a2fc-000d3a38a36f
1363,d2e4ef96-ff26-11ea-9792-000d3a38a36f
1364,d34ac020-f80d-11ea-b38b-000d3a38a36f
1365,d3b8585e-acfc-11e9-a2fc-000d3a38a36f
1366,d3db8f04-1358-11eb-8ffc-000d3a38a36f
1367,d413910c-2739-11eb-8a9b-000d3a38a36f
1368,d41d102a-a46c-11e9-a2fc-000d3a38a36f
1369,d4336f1a-a993-11e9-a2fc-000d3a38a36f
1370,d47ab492-7fc6-11ea-80af-000d3a38a36f
1371,d4aeb6b8-b0f3-11e9-9757-000d3a38a36f
1372,d4c5f3b0-ada5-11e9-a2fc-000d3a38a36f
1373,d5323fde-15e2-11ea-aa74-000d3a38a36f
1374,d56ab76e-61f6-11ea-8dd8-000d3a38a36f
1375,d56b4b6c-9f95-11e9-a2fc-000d3a38a36f
1376,d582c4f6-a7db-11e9-a2fc-000d3a38a36f
1377,d72b024e-b1d3-11e9-89fa-000d3a38a36f
1378,d7421110-ab0b-11e9-a2fc-000d3a38a36f
1379,d76c217e-a9eb-11e9-a2fc-000d3a38a36f
1380,d76ce87e-ab27-11e9-a2fc-000d3a38a36f
1381,d785d920-3d10-11eb-a48e-000d3a38a36f
1382,d79253d6-a7f6-11e9-a2fc-000d3a38a36f
1383,d7a7d86c-d6a1-11e9-93bc-000d3a38a36f
1384,d7aa5300-1ea6-11eb-a39e-000d3a38a36f
1385,d7c04822-9fa4-11e9-a2fc-000d3a38a36f
1386,d7d0581e-a596-11e9-a2fc-000d3a38a36f
1387,d849bb3c-9ec5-11e9-9897-000d3a38a36f
1388,d851bed0-abf5-11e9-a2fc-000d3a38a36f
1389,d86bf280-ac2e-11e9-a2fc-000d3a38a36f
1390,d88ef504-42d9-11ea-8b43-000d3a38a36f
1391,d893eebe-afbe-11e9-9757-000d3a38a36f
1392,d8ce249e-af64-11e9-a2fc-000d3a38a36f
1393,d8efac7c-6652-11ea-82da-000d3a38a36f
1394,d8fef74a-a564-11e9-a2fc-000d3a38a36f
1395,d96bfadc-b218-11e9-b5cf-000d3a38a36f
1396,d96c379a-a967-11e9-a2fc-000d3a38a36f
1397,d97069ac-1ee5-11ea-81ff-000d3a38a36f
1398,d97929dc-afe8-11e9-9757-000d3a38a36f
1399,d9793d3a-9faf-11e9-a2fc-000d3a38a36f
1400,d97db6f6-ad2b-11e9-a2fc-000d3a38a36f
1401,d9962944-23ae-11ea-8523-000d3a38a36f
1402,d99a3bbe-a9d9-11e9-a2fc-000d3a38a36f
1403,d9fa1622-9f2c-11e9-9897-000d3a38a36f
1404,d9fa4272-a446-11e9-a2fc-000d3a38a36f
1405,d9fd3f4e-20b6-11ea-97c9-000d3a38a36f
1406,da422576-a6e2-11e9-a2fc-000d3a38a36f
1407,da9f3cb6-9d1e-11e9-9897-000d3a38a36f
1408,daa560bc-aeff-11e9-a2fc-000d3a38a36f
1409,daae9dfe-1e8e-11ea-aa32-000d3a38a36f
1410,daf03e02-a964-11e9-a2fc-000d3a38a36f
1411,db16f9ae-a881-11e9-a2fc-000d3a38a36f
1412,db5a72a0-aaad-11e9-a2fc-000d3a38a36f
1413,db5cdd42-5051-11eb-806e-000d3a38a36f
1414,db91edee-a787-11e9-a2fc-000d3a38a36f
1415,dcb3aab6-a168-11e9-a2fc-000d3a38a36f
1416,dcb61df0-a9ec-11e9-a2fc-000d3a38a36f
1417,dd17f722-b109-11e9-9757-000d3a38a36f
1418,dd873850-a6d5-11e9-a2fc-000d3a38a36f
1419,dda4711e-ff12-11e9-a5e8-000d3a38a36f
1420,ddafff74-edfc-11e9-9346-000d3a38a36f
1421,de55c558-f117-11e9-9346-000d3a38a36f
1422,ded9c78e-6b80-11ea-9c62-000d3a38a36f
1423,df0a5daa-bbb1-11ea-a0c9-000d3a38a36f
1424,df266286-b039-11e9-9757-000d3a38a36f
1425,df2c7c02-1957-11ea-b6a2-000d3a38a36f
1426,df4bedba-2719-11ea-aaaa-000d3a38a36f
1427,dfb7fef6-b054-11e9-9757-000d3a38a36f
1428,dfc476a0-9757-11ea-a9c8-000d3a38a36f
1429,dfc96774-9d8c-11ea-9bf4-000d3a38a36f
1430,dfcdccfc-1e97-11ea-aa32-000d3a38a36f
1431,e00c3de6-a76b-11e9-a2fc-000d3a38a36f
1432,e07956f0-5bf3-11ea-be6b-000d3a38a36f
1433,e094abac-8a07-11ea-8ec0-000d3a38a36f
1434,e0b1d99a-28ee-11ea-b87a-000d3a38a36f
1435,e0cce662-a483-11e9-a2fc-000d3a38a36f
1436,e0e4ee04-12a3-11ea-a001-000d3a38a36f
1437,e121962c-e482-11ea-b769-000d3a38a36f
1438,e12381d8-a69b-11e9-a2fc-000d3a38a36f
1439,e135eef4-5bd6-11ea-96be-000d3a38a36f
1440,e1537a58-ab5c-11e9-a2fc-000d3a38a36f
1441,e189123a-ad32-11e9-a2fc-000d3a38a36f
1442,e1c871d6-609d-11ea-8dd8-000d3a38a36f
1443,e20f9ec2-2ba4-11ea-853d-000d3a38a36f
1444,e2294c0c-d1ba-11ea-b0fc-000d3a38a36f
1445,e22f4d4a-ad86-11e9-a2fc-000d3a38a36f
1446,e23e5eb8-196d-11ea-b6a2-000d3a38a36f
1447,e26e7c7e-9efc-11e9-9897-000d3a38a36f
1448,e2add7f0-57da-11eb-9e65-000d3a38a36f
1449,e2b71cc4-b039-11e9-9757-000d3a38a36f
1450,e2e3578c-30b0-11eb-8deb-000d3a38a36f
1451,e2e844cc-7099-11ea-8021-000d3a38a36f
1452,e30c10ec-ab95-11e9-a2fc-000d3a38a36f
1453,e33311e4-5bf1-11ea-a64e-000d3a38a36f
1454,e33ecf00-557b-11eb-9e65-000d3a38a36f
1455,e35bbd56-240b-11ea-a30f-000d3a38a36f
1456,e3827e76-bc5b-11ea-aa61-000d3a38a36f
1457,e3c8a7e8-a447-11e9-a2fc-000d3a38a36f
1458,e41ad460-a5e0-11e9-a2fc-000d3a38a36f
1459,e4348a10-ac96-11e9-a2fc-000d3a38a36f
1460,e4dfcea8-b05f-11e9-9757-000d3a38a36f
1461,e51104a0-aa9c-11e9-a2fc-000d3a38a36f
1462,e567539c-9dcb-11e9-9897-000d3a38a36f
1463,e5c371a0-531e-11ea-acd3-000d3a38a36f
1464,e626cea6-a7ae-11e9-a2fc-000d3a38a36f
1465,e6375f16-9d39-11e9-9897-000d3a38a36f
1466,e67459c6-c5c8-11ea-8698-000d3a38a36f
1467,e6b182b8-b144-11e9-9757-000d3a38a36f
1468,e6cf4c78-9b6b-11ea-a27a-000d3a38a36f
1469,e6d0ab3c-b137-11e9-9757-000d3a38a36f
1470,e71046e0-a5a0-11e9-a2fc-000d3a38a36f
1471,e73c72c6-d982-11ea-a65b-000d3a38a36f
1472,e7bc5c52-a59e-11e9-a2fc-000d3a38a36f
1473,e7c20934-acbc-11e9-a2fc-000d3a38a36f
1474,e7dae6ec-9f47-11ea-80cd-000d3a38a36f
1475,e7fcac9c-aab4-11e9-a2fc-000d3a38a36f
1476,e81ea236-647e-11eb-add3-000d3a38a36f
1477,e85cc54c-b1f7-11e9-89fa-000d3a38a36f
1478,e8ac60fc-a595-11e9-a2fc-000d3a38a36f
1479,e8c557b2-afe3-11e9-9757-000d3a38a36f
1480,e8d8e7a0-b137-11e9-9757-000d3a38a36f
1481,e91f61d8-7f56-11ea-80af-000d3a38a36f
1482,e97b0d38-1481-11eb-8ffc-000d3a38a36f
1483,e97ceab8-a2d1-11e9-a2fc-000d3a38a36f
1484,e9976946-9e7c-11e9-9897-000d3a38a36f
1485,e9fea42a-8eeb-11ea-8f41-000d3a38a36f
1486,ea1a55a6-ae5b-11e9-a2fc-000d3a38a36f
1487,ea61eed4-ac9e-11e9-a2fc-000d3a38a36f
1488,ea7ca7aa-a722-11e9-a2fc-000d3a38a36f
1489,eab3b29e-fa6b-11e9-b138-000d3a38a36f
1490,eac1422a-711a-11eb-93b1-000d3a38a36f
1491,eac83cb0-aa06-11e9-a2fc-000d3a38a36f
1492,eacb8de4-5b53-11ea-8a66-000d3a38a36f
1493,eaceaafa-6f85-11eb-bdb8-000d3a38a36f
1494,eb1b30a8-a530-11e9-a2fc-000d3a38a36f
1495,eb319c72-a408-11e9-a2fc-000d3a38a36f
1496,eb77f582-ddc9-11e9-a848-000d3a38a36f
1497,ebb8a328-1fe8-11ea-87bf-000d3a38a36f
1498,ebbd8dfa-9e3a-11e9-9897-000d3a38a36f
1499,ebcdbc94-27a5-11ea-aaaa-000d3a38a36f
1500,ec238d4a-242b-11ea-a30f-000d3a38a36f
1501,ec486230-9db4-11e9-9897-000d3a38a36f
1502,ec5e0cb2-6099-11eb-9b71-000d3a38a36f
1503,ec6adcb0-d6ae-11e9-93bc-000d3a38a36f
1504,ed0c26c6-af79-11e9-a2fc-000d3a38a36f
1505,ed3bab1c-ec36-11ea-9369-000d3a38a36f
1506,ed3cd2dc-ac89-11e9-a2fc-000d3a38a36f
1507,eda2d52c-1b93-11ea-ac4f-000d3a38a36f
1508,ee1d47ac-51d6-11ea-a243-000d3a38a36f
1509,eeb643c0-3021-11ea-bb28-000d3a38a36f
1510,eec643c8-f143-11e9-9346-000d3a38a36f
1511,eecf8394-9e45-11e9-9897-000d3a38a36f
1512,ef0f7e64-a54c-11e9-a2fc-000d3a38a36f
1513,ef80c734-1c13-11ea-ac4f-000d3a38a36f
1514,efb916ac-a714-11ea-bd63-000d3a38a36f
1515,efe09a8e-9f35-11e9-9897-000d3a38a36f
1516,f004a8c2-abb8-11e9-a2fc-000d3a38a36f
1517,f03b1df6-aab6-11e9-a2fc-000d3a38a36f
1518,f0830e88-5b21-11ea-9e0f-000d3a38a36f
1519,f0aa9db2-e8ad-11ea-8145-000d3a38a36f
1520,f0b47770-a7d0-11e9-a2fc-000d3a38a36f
1521,f1cf24ae-a508-11e9-a2fc-000d3a38a36f
1522,f1cf9a42-aadf-11e9-a2fc-000d3a38a36f
1523,f1f4a69c-5b3e-11ea-a13e-000d3a38a36f
1524,f24f6988-acd9-11e9-a2fc-000d3a38a36f
1525,f2b09554-5bda-11ea-ba40-000d3a38a36f
1526,f2b1cd80-a973-11e9-a2fc-000d3a38a36f
1527,f2f9395a-afee-11e9-9757-000d3a38a36f
1528,f2fcb710-9e32-11e9-9897-000d3a38a36f
1529,f349eb80-f340-11e9-9346-000d3a38a36f
1530,f36da15a-183a-11ea-9213-000d3a38a36f
1531,f3867132-a5c9-11e9-a2fc-000d3a38a36f
1532,f43156b8-afb2-11e9-9757-000d3a38a36f
1533,f4bdd852-a5b4-11e9-a2fc-000d3a38a36f
1534,f4c3b18a-a8d6-11e9-a2fc-000d3a38a36f
1535,f51e8faa-afb2-11e9-9757-000d3a38a36f
1536,f582dcc2-abab-11e9-a2fc-000d3a38a36f
1537,f59053e2-a503-11e9-a2fc-000d3a38a36f
1538,f5b61994-9dd6-11e9-9897-000d3a38a36f
1539,f611aeea-9f06-11e9-9897-000d3a38a36f
1540,f6980b42-06e9-11eb-8ffc-000d3a38a36f
1541,f6991710-46b5-11eb-806e-000d3a38a36f
1542,f6d2579a-9e1a-11e9-9897-000d3a38a36f
1543,f6ed23fa-a0a7-11ea-9d0a-000d3a38a36f
1544,f713605c-a700-11e9-a2fc-000d3a38a36f
1545,f7397aea-2076-11ea-87bf-000d3a38a36f
1546,f796e0e8-aadf-11e9-a2fc-000d3a38a36f
1547,f7b8490c-a113-11e9-a2fc-000d3a38a36f
1548,f7e2335e-a7c4-11e9-a2fc-000d3a38a36f
1549,f8023258-cc1c-11ea-b305-000d3a38a36f
1550,f81789aa-ad05-11e9-a2fc-000d3a38a36f
1551,f81c7cde-aeaa-11e9-a2fc-000d3a38a36f
1552,f82a9ab2-1881-11ea-9213-000d3a38a36f
1553,f82ff5de-ad1f-11e9-a2fc-000d3a38a36f
1554,f84151c8-ab88-11e9-a2fc-000d3a38a36f
1555,f877cafc-9f8d-11e9-a2fc-000d3a38a36f
1556,f88cf3ea-47f4-11ea-b6c0-000d3a38a36f
1557,f8b04ba4-5bce-11ea-ba31-000d3a38a36f
1558,f8b113b2-6263-11eb-add3-000d3a38a36f
1559,f91f4b9e-dd5b-11ea-9c1f-000d3a38a36f
1560,f98175f8-a85a-11e9-a2fc-000d3a38a36f
1561,f986deba-4433-11ea-8b43-000d3a38a36f
1562,f99e537e-d68d-11e9-93bc-000d3a38a36f
1563,f9a2ec9c-a5a8-11e9-a2fc-000d3a38a36f
1564,f9b6c764-a290-11e9-a2fc-000d3a38a36f
1565,fa58e084-ab74-11e9-a2fc-000d3a38a36f
1566,fac3db2c-9d1f-11e9-9897-000d3a38a36f
1567,fac65956-bd80-11ea-aa61-000d3a38a36f
1568,fae66580-8855-11ea-9c02-000d3a38a36f
1569,faf4c3cc-ad41-11e9-a2fc-000d3a38a36f
1570,fb086190-533e-11ea-acd3-000d3a38a36f
1571,fb11f742-afb4-11e9-9757-000d3a38a36f
1572,fb4445e8-f24f-11e9-9346-000d3a38a36f
1573,fb62d0dc-a5cc-11e9-a2fc-000d3a38a36f
1574,fb697c94-afe4-11e9-9757-000d3a38a36f
1575,fc01cc08-f74a-11e9-841e-000d3a38a36f
1576,fc0ce7a4-9d87-11e9-9897-000d3a38a36f
1577,fc3616a4-7042-11ea-b40c-000d3a38a36f
1578,fc407928-af95-11e9-a2fc-000d3a38a36f
1579,fcb5f320-5336-11ea-acd3-000d3a38a36f
1580,fd37faf6-1d7f-11ea-a490-000d3a38a36f
1581,fd7e5126-ac7e-11e9-a2fc-000d3a38a36f
1582,fd969980-a9d5-11e9-a2fc-000d3a38a36f
1583,fdbe8304-a7ab-11e9-a2fc-000d3a38a36f
1584,fe5c3d2c-aa14-11e9-a2fc-000d3a38a36f
1585,fe98b79e-acac-11e9-a2fc-000d3a38a36f
1586,fea8e3dc-af6b-11e9-a2fc-000d3a38a36f
1587,ff2ba51e-a9cc-11e9-a2fc-000d3a38a36f
1588,ff42a872-5be2-11ea-af8a-000d3a38a36f
1589,ffc01688-d643-11e9-93bc-000d3a38a36f
